lakeid,trans,dist,setdate,coldate,andate,daysout,trayweight,dw_tray,dw,fract_bgch,fract_smch,fract_simu,bgch,smch,simu,comments,
hel,hel1,5,2013-06-05,2013-06-21,2013-06-22,16,NA,NA,NA,1,1,1,144,4,83,,
hel,hel1,50,2013-06-05,2013-06-21,2013-06-22,16,NA,NA,NA,1,1,1,11,17,38,,
hel,hel1,150,2013-06-05,2013-06-21,2013-06-22,16,NA,NA,NA,1,1,1,2,9,28,,
hel,hel1,500,2013-06-05,2013-06-21,2013-06-22,16,NA,NA,NA,1,1,1,1,1,105,,
hel,hel2,5,2013-06-05,2013-06-21,2013-06-22,16,NA,NA,NA,1,1,1,102,22,201,,
hel,hel2,50,2013-06-05,2013-06-21,2013-06-22,16,NA,NA,NA,1,1,1,7,15,35,,
hel,hel2,150,2013-06-05,2013-06-21,2013-06-22,16,NA,NA,NA,1,1,1,10,35,35,,
hel,hel2,500,2013-06-05,2013-06-21,2013-06-22,16,NA,NA,NA,1,1,1,2,4,60,,
hel,hel1,5,2013-06-21,2013-07-03,2013-07-04,12,NA,NA,NA,1,1,1,3,119,316,,
hel,hel1,50,2013-06-21,2013-07-03,2013-07-04,12,NA,NA,NA,1,1,1,0,61,39,,
hel,hel1,150,2013-06-21,2013-07-03,2013-07-04,12,NA,NA,NA,1,1,1,1,11,75,,
hel,hel1,500,2013-06-21,2013-07-03,2013-07-04,12,NA,NA,NA,1,1,1,0,9,147,,
hel,hel2,5,2013-06-21,2013-07-03,2013-07-04,12,NA,NA,NA,1,1,1,6,325,105,,
hel,hel2,50,2013-06-21,2013-07-03,2013-07-04,12,NA,NA,NA,1,1,1,0,35,15,,
hel,hel2,150,2013-06-21,2013-07-03,2013-07-04,12,NA,NA,NA,1,1,1,5,41,31,,
hel,hel2,500,2013-06-21,2013-07-03,2013-07-04,12,NA,NA,NA,1,1,1,0,4,27,,
hel,hel1,5,2013-07-03,2013-07-18,2013-07-18,15,NA,NA,NA,1,1,1,0,357,9,,
hel,hel1,50,2013-07-03,2013-07-18,2013-07-18,15,NA,NA,NA,1,1,1,0,419,8,,
hel,hel1,150,2013-07-03,2013-07-18,2013-07-18,15,NA,NA,NA,1,1,1,0,56,2,,
hel,hel1,500,2013-07-03,2013-07-18,2013-07-18,15,NA,NA,NA,1,1,1,0,21,4,,
hel,hel2,5,2013-07-03,2013-07-18,2013-07-18,15,NA,NA,NA,1,1,1,0,720,6,,
hel,hel2,50,2013-07-03,2013-07-18,2013-07-18,15,NA,NA,NA,1,1,1,0,169,0,,
hel,hel2,150,2013-07-03,2013-07-18,2013-07-18,15,NA,NA,NA,1,1,1,0,156,14,,
hel,hel2,500,2013-07-03,2013-07-18,2013-07-18,15,NA,NA,NA,1,1,1,0,12,8,,
hel,hel1,5,2013-07-18,2013-08-01,2013-08-01,14,NA,NA,NA,1,1,1,0,113,0,,
hel,hel1,50,2013-07-18,2013-08-01,2013-08-01,14,NA,NA,NA,1,1,1,0,29,18,,
hel,hel1,150,2013-07-18,2013-08-01,2013-08-01,14,NA,NA,NA,1,1,1,0,9,6,,
hel,hel1,500,2013-07-18,2013-08-01,2013-08-01,14,NA,NA,NA,1,1,1,0,9,1,,
hel,hel2,5,2013-07-18,2013-08-01,2013-08-01,14,NA,NA,NA,1,1,1,0,96,4,,
hel,hel2,50,2013-07-18,2013-08-01,2013-08-01,14,NA,NA,NA,1,1,1,0,27,4,,
hel,hel2,150,2013-07-18,2013-08-01,2013-08-01,14,NA,NA,NA,1,1,1,0,24,11,,
hel,hel2,500,2013-07-18,2013-08-01,2013-08-01,14,NA,NA,NA,1,1,1,0,1,1,,
hel,hel1,5,2013-08-01,2013-08-15,2013-08-15,14,NA,NA,NA,1,1,1,0,7,0,,
hel,hel1,50,2013-08-01,2013-08-15,2013-08-15,14,NA,NA,NA,1,1,1,0,8,2,,
hel,hel1,150,2013-08-01,2013-08-15,2013-08-15,14,NA,NA,NA,1,1,1,0,2,3,,
hel,hel1,500,2013-08-01,2013-08-15,2013-08-15,14,NA,NA,NA,1,1,1,0,7,1,,
hel,hel2,5,2013-08-01,2013-08-15,2013-08-15,14,NA,NA,NA,1,1,1,1,23,3,,
hel,hel2,50,2013-08-01,2013-08-15,2013-08-15,14,NA,NA,NA,1,1,1,0,5,14,,
hel,hel2,150,2013-08-01,2013-08-15,2013-08-15,14,NA,NA,NA,1,1,1,0,7,1,,
hel,hel2,500,2013-08-01,2013-08-15,2013-08-15,14,NA,NA,NA,1,1,1,0,2,2,,
myv,btl,5,2013-06-05,2013-06-18,2013-06-19,13,NA,NA,NA,1,1,1,418,208,5,,
myv,btl,5,2013-06-05,2013-08-14,2013-08-14,14,NA,NA,NA,1,1,1,0,1073,1,,
myv,btl,50,2013-06-05,2013-06-18,2013-06-19,13,NA,NA,NA,1,1,1,625,505,1,,
myv,btl,150,2013-06-05,2013-06-18,2013-06-19,13,NA,NA,NA,1,1,1,933,164,19,,
myv,flg,5,2013-06-05,2013-06-18,2013-06-19,13,NA,NA,NA,1,1,1,392,180,5,,
myv,flg,50,2013-06-05,2013-06-18,2013-06-19,13,NA,NA,NA,1,1,1,839,356,0,,
myv,flg,150,2013-06-05,2013-06-18,2013-06-19,13,NA,NA,NA,1,1,1,744,356,0,,
myv,flg,500,2013-06-05,2013-06-18,2013-06-19,13,NA,NA,NA,1,1,1,166,68,0,,
myv,hag,5,2013-06-05,2013-06-18,2013-06-19,13,NA,NA,NA,1,1,1,821,7470,15,sample was split for counting and apprx 33% of big chir lost. Estimate 0f 204 added to 617 to obtain 821,
myv,hag,50,2013-06-05,2013-06-18,2013-06-19,13,NA,NA,NA,1,1,1,1384,237,7,,
myv,hag,150,2013-06-05,2013-06-18,2013-06-19,13,NA,NA,NA,1,1,1,403,403,4,,
myv,hag,500,2013-06-05,2013-06-18,2013-06-19,13,NA,NA,NA,1,1,1,56,53,8,,
myv,kal,5,2013-06-05,2013-06-18,2013-06-19,13,NA,NA,NA,1,1,1,206,246,1,,
myv,kal,50,2013-06-05,2013-06-18,2013-06-19,13,NA,NA,NA,1,1,1,1695,489,60,,
myv,kal,150,2013-06-05,2013-06-18,2013-06-19,13,NA,NA,NA,1,1,1,1290,76,6,,
myv,non,5,2013-06-05,2013-06-18,2013-06-19,13,NA,NA,NA,1,1,1,835,3195,3,,
myv,non,50,2013-06-05,2013-06-18,2013-06-19,13,NA,NA,NA,1,1,1,897,85,6,,
myv,non,150,2013-06-05,2013-06-18,2013-06-19,13,NA,NA,NA,1,1,1,629,63,3,,
myv,skf,20,2013-06-05,2013-06-18,2013-06-19,13,NA,NA,NA,1,1,1,1081,1121,11,,
myv,skf,50,2013-06-05,2013-06-18,2013-06-19,13,NA,NA,NA,1,1,1,845,530,5,,
myv,skf,200,2013-06-05,2013-06-18,2013-06-19,13,NA,NA,NA,1,1,1,690,445,10,,
myv,skf,350,2013-06-05,2013-06-18,2013-06-19,13,NA,NA,NA,1,1,1,140,211,4,,
myv,vin,5,2013-06-05,2013-06-18,2013-06-19,13,NA,NA,NA,1,1,1,2100,717,12,,
myv,vin,50,2013-06-05,2013-06-18,2013-06-19,13,NA,NA,NA,1,1,1,894,126,8,,
myv,vin,150,2013-06-05,2013-06-18,2013-06-19,13,NA,NA,NA,1,1,1,749,190,6,,
myv,btl,5,2013-06-18,2013-07-03,2013-07-04,15,NA,NA,NA,1,1,1,16,152,6,,
myv,btl,50,2013-06-18,2013-07-03,2013-07-04,15,NA,NA,NA,1,1,1,23,148,19,,
myv,btl,150,2013-06-18,2013-07-03,2013-07-04,15,NA,NA,NA,1,1,1,46,32,25,,
myv,flg,5,2013-06-18,2013-07-03,2013-07-04,15,NA,NA,NA,1,1,1,55,728,17,,
myv,flg,50,2013-06-18,2013-07-03,2013-07-04,15,NA,NA,NA,1,1,1,199,482,12,,
myv,flg,150,2013-06-18,2013-07-03,2013-07-04,15,NA,NA,NA,1,1,1,130,118,1,,
myv,flg,500,2013-06-18,2013-07-03,2013-07-04,15,NA,NA,NA,1,1,1,44,74,7,,
myv,hag,5,2013-06-18,2013-07-03,2013-07-04,15,NA,NA,NA,1,1,1,28,517,23,,
myv,hag,50,2013-06-18,2013-07-03,2013-07-04,15,NA,NA,NA,1,1,1,37,74,26,,
myv,hag,150,2013-06-18,2013-07-03,2013-07-04,15,NA,NA,NA,1,1,1,42,94,20,,
myv,hag,500,2013-06-18,2013-07-03,2013-07-04,15,NA,NA,NA,1,1,1,2,8,19,,
myv,kal,5,2013-06-18,2013-07-03,2013-07-04,15,NA,NA,NA,1,1,1,31,258,15,,
myv,kal,50,2013-06-18,2013-07-03,2013-07-04,15,NA,NA,NA,1,1,1,142,141,13,,
myv,kal,150,2013-06-18,2013-07-03,2013-07-04,15,NA,NA,NA,1,1,1,42,47,4,,
myv,non,5,2013-06-18,2013-07-03,2013-07-04,15,NA,NA,NA,1,1,1,91,1608,2,,
myv,non,50,2013-06-18,2013-07-03,2013-07-04,15,NA,NA,NA,1,1,1,98,236,0,,
myv,non,150,2013-06-18,2013-07-03,2013-07-04,15,NA,NA,NA,1,1,1,131,136,7,,
myv,skf,20,2013-06-18,2013-07-03,2013-07-04,15,NA,NA,NA,1,1,1,32,93,28,,
myv,skf,50,2013-06-18,2013-07-03,2013-07-04,15,NA,NA,NA,1,1,1,24,73,24,,
myv,skf,200,2013-06-18,2013-07-03,2013-07-04,15,NA,NA,NA,1,1,1,13,61,11,,
myv,skf,350,2013-06-18,2013-07-03,2013-07-04,15,NA,NA,NA,1,1,1,3,40,10,,
myv,vin,5,2013-06-18,2013-07-03,2013-07-04,15,NA,NA,NA,1,1,1,256,758,24,,
myv,vin,50,2013-06-18,2013-07-03,2013-07-04,15,NA,NA,NA,1,1,1,74,92,14,,
myv,vin,150,2013-06-18,2013-07-03,2013-07-04,15,NA,NA,NA,1,1,1,195,148,22,,
myv,btl,5,2013-07-03,2013-07-17,2013-07-17,14,NA,NA,NA,1,1,1,0,70,3,,
myv,btl,50,2013-07-03,2013-07-17,2013-07-17,14,NA,NA,NA,1,1,1,0,47,5,,
myv,btl,150,2013-07-03,2013-07-17,2013-07-17,14,NA,NA,NA,1,1,1,7,25,5,,
myv,flg,5,2013-07-03,2013-07-17,2013-07-17,14,NA,NA,NA,1,1,1,14,1387,22,,
myv,flg,50,2013-07-03,2013-07-17,2013-07-17,14,NA,NA,NA,1,1,1,42,1034,20,,
myv,flg,150,2013-07-03,2013-07-17,2013-07-17,14,NA,NA,NA,1,1,1,63,327,6,,
myv,flg,500,2013-07-03,2013-07-17,2013-07-17,14,NA,NA,NA,1,1,1,12,43,1,,
myv,hag,5,2013-07-03,2013-07-17,2013-07-17,14,NA,NA,NA,1,1,1,6,276,27,,
myv,hag,50,2013-07-03,2013-07-17,2013-07-17,14,NA,NA,NA,1,1,1,0,31,15,,
myv,hag,150,2013-07-03,2013-07-17,2013-07-17,14,NA,NA,NA,1,1,1,0,38,4,"mislabled as pitfall in field, recovered",
myv,hag,500,2013-07-03,2013-07-17,2013-07-17,14,NA,NA,NA,1,1,1,0,24,9,,
myv,kal,5,2013-07-03,2013-07-17,2013-07-17,14,NA,NA,NA,1,1,1,4,447,8,,
myv,kal,50,2013-07-03,2013-07-17,2013-07-17,14,NA,NA,NA,1,1,1,17,189,8,,
myv,kal,150,2013-07-03,2013-07-17,2013-07-17,14,NA,NA,NA,1,1,1,16,231,2,,
myv,non,5,2013-07-03,2013-07-17,2013-07-17,14,NA,NA,NA,1,1,1,7,697,16,,
myv,non,50,2013-07-03,2013-07-17,2013-07-17,14,NA,NA,NA,1,1,1,19,98,44,,
myv,non,150,2013-07-03,2013-07-17,2013-07-17,14,NA,NA,NA,1,1,1,20,114,6,,
myv,skf,20,2013-07-03,2013-07-17,2013-07-17,14,NA,NA,NA,1,1,1,1,79,11,,
myv,skf,50,2013-07-03,2013-07-17,2013-07-17,14,NA,NA,NA,1,1,1,0,41,1,,
myv,skf,200,2013-07-03,2013-07-17,2013-07-17,14,NA,NA,NA,1,1,1,1,36,9,,
myv,skf,350,2013-07-03,2013-07-17,2013-07-17,14,NA,NA,NA,1,1,1,1,20,1,,
myv,vin,5,2013-07-03,2013-07-17,2013-07-17,14,NA,NA,NA,1,1,1,9,216,24,,
myv,vin,50,2013-07-03,2013-07-17,2013-07-17,14,NA,NA,NA,1,1,1,10,68,6,,
myv,vin,150,2013-07-03,2013-07-17,2013-07-17,14,NA,NA,NA,1,1,1,7,52,19,,
myv,btl,5,2013-07-17,2013-07-31,2013-08-01,14,NA,NA,NA,0.1,0.1,0.1,0,718,0,,
myv,btl,50,2013-07-17,2013-07-31,2013-08-01,14,NA,NA,NA,0.1,0.1,0.1,0,632,3,,
myv,btl,150,2013-07-17,2013-07-31,2013-08-01,14,NA,NA,NA,1,1,1,1,880,2,,
myv,flg,5,2013-07-17,2013-07-31,2013-08-01,14,NA,NA,NA,1,1,1,5,3140,4,,
myv,flg,50,2013-07-17,2013-07-31,2013-08-01,14,NA,NA,NA,0.1,0.1,0.1,2,887,2,,
myv,flg,150,2013-07-17,2013-07-31,2013-08-01,14,NA,NA,NA,1,1,1,4,269,0,,
myv,flg,500,2013-07-17,2013-07-31,2013-08-01,14,NA,NA,NA,1,1,1,48,316,1,,
myv,hag,5,2013-07-17,2013-07-31,2013-08-01,14,NA,NA,NA,1,1,1,0,1624,17,,
myv,hag,50,2013-07-17,2013-07-31,2013-08-01,14,NA,NA,NA,1,1,1,3,918,16,,
myv,hag,150,2013-07-17,2013-07-31,2013-08-01,14,NA,NA,NA,1,1,1,0,263,12,,
myv,hag,500,2013-07-17,2013-07-31,2013-08-01,14,NA,NA,NA,1,1,1,0,34,5,,
myv,kal,5,2013-07-17,2013-07-31,2013-08-01,14,NA,NA,NA,0.1,0.1,0.1,0,995,0,,
myv,kal,50,2013-07-17,2013-07-31,2013-08-01,14,NA,NA,NA,0.1,0.1,0.1,0,654,0,,
myv,kal,150,2013-07-17,2013-07-31,2013-08-01,14,NA,NA,NA,0.1,0.1,0.1,1,771,3,,
myv,non,5,2013-07-17,2013-07-31,2013-08-01,14,NA,NA,NA,0.1,0.1,0.1,0,654,0,,
myv,non,50,2013-07-17,2013-07-31,2013-08-01,14,NA,NA,NA,0.1,0.1,0.1,0,633,0,,
myv,non,150,2013-07-17,2013-07-31,2013-08-01,14,NA,NA,NA,0.1,0.1,0.1,0,529,1,,
myv,skf,20,2013-07-17,2013-07-31,2013-08-01,14,NA,NA,NA,1,1,1,0,1506,3,,
myv,skf,50,2013-07-17,2013-07-31,2013-08-01,14,NA,NA,NA,1,1,1,2,336,19,,
myv,skf,200,2013-07-17,2013-07-31,2013-08-01,14,NA,NA,NA,1,1,1,0,127,0,,
myv,skf,350,2013-07-17,2013-07-31,2013-08-01,14,NA,NA,NA,1,1,1,0,95,10,,
myv,vin,5,2013-07-17,2013-07-31,2013-08-01,14,NA,NA,NA,0.1,0.1,0.1,0,679,0,,
myv,vin,50,2013-07-17,2013-07-31,2013-08-01,14,NA,NA,NA,0.1,0.1,0.1,1,720,0,,
myv,vin,150,2013-07-17,2013-07-31,2013-08-01,14,NA,NA,NA,1,1,1,1,1917,7,,
myv,btl,5,2013-07-31,2013-08-14,2013-08-14,14,NA,NA,NA,1,1,1,0,1073,1,,
myv,btl,50,2013-07-31,2013-08-14,2013-08-14,14,NA,NA,NA,1,1,1,0,1875,1,,
myv,btl,150,2013-07-31,2013-08-14,2013-08-14,14,NA,NA,NA,1,1,1,0,319,0,,
myv,flg,5,2013-07-31,2013-08-14,2013-08-14,14,NA,NA,NA,1,1,1,3,334,2,,
myv,flg,50,2013-07-31,2013-08-14,2013-08-14,14,NA,NA,NA,1,1,1,1,399,1,,
myv,flg,150,2013-07-31,2013-08-14,2013-08-14,14,NA,NA,NA,1,1,1,0,97,0,,
myv,flg,500,2013-07-31,2013-08-14,2013-08-14,14,NA,NA,NA,1,1,1,0,14,0,,
myv,hag,5,2013-07-31,2013-08-14,2013-08-14,14,NA,NA,NA,1,1,1,0,1872,0,,
myv,hag,50,2013-07-31,2013-08-14,2013-08-14,14,NA,NA,NA,1,1,1,1,711,5,,
myv,hag,150,2013-07-31,2013-08-14,2013-08-14,14,NA,NA,NA,1,1,1,0,176,2,,
myv,hag,500,2013-07-31,2013-08-14,2013-08-14,14,NA,NA,NA,1,1,1,0,33,0,,
myv,kal,5,2013-07-31,2013-08-14,2013-08-14,14,NA,NA,NA,0.1,0.1,0.1,0,764,2,,
myv,kal,50,2013-07-31,2013-08-14,2013-08-14,14,NA,NA,NA,1,1,1,0,1859,7,,
myv,kal,150,2013-07-31,2013-08-14,2013-08-14,14,NA,NA,NA,1,1,1,0,931,0,,
myv,non,5,2013-07-31,2013-08-14,2013-08-14,14,NA,NA,NA,0.1,0.1,0.1,0,613,0,,
myv,non,50,2013-07-31,2013-08-14,2013-08-14,14,NA,NA,NA,1,1,1,0,2721,0,,
myv,non,150,2013-07-31,2013-08-14,2013-08-14,14,NA,NA,NA,1,1,1,0,426,2,,
myv,skf,20,2013-07-31,2013-08-14,2013-08-14,14,NA,NA,NA,1,1,1,0,512,0,,
myv,skf,50,2013-07-31,2013-08-14,2013-08-14,14,NA,NA,NA,1,1,1,0,311,0,,
myv,skf,200,2013-07-31,2013-08-14,2013-08-14,14,NA,NA,NA,1,1,1,1,58,0,,
myv,skf,350,2013-07-31,2013-08-14,2013-08-14,14,NA,NA,NA,1,1,1,1,36,1,,
myv,vin,5,2013-07-31,2013-08-14,2013-08-14,14,NA,NA,NA,1,1,1,0,631,4,,
myv,vin,50,2013-07-31,2013-08-14,2013-08-14,14,NA,NA,NA,1,1,1,0,782,3,,
myv,vin,150,2013-07-31,2013-08-14,2013-08-14,14,NA,NA,NA,1,1,1,0,174,9,,
hel,hel1,5,2014-06-14,2014-06-29,2014-06-29,15,1035,1068,33,1,1,1,0,180,0,,
hel,hel1,50,2014-06-14,2014-06-29,2014-06-29,15,1005,1073,68,1,1,1,0,257,7,,
hel,hel1,150,2014-06-14,2014-06-29,2014-06-29,15,1032,1043,11,1,1,1,0,47,3,,
hel,hel1,500,2014-06-14,2014-06-29,2014-06-29,15,999,1012,13,1,1,1,4,26,6,,
hel,hel2,5,2014-06-14,2014-06-29,2014-06-29,15,985,1031,46,1,1,1,1,278,17,,
hel,hel2,50,2014-06-14,2014-06-29,2014-06-29,15,1063,1092,29,1,1,1,1,387,1,,
hel,hel2,150,2014-06-14,2014-06-29,2014-06-29,15,1012,1027,15,1,1,1,0,106,4,,
hel,hel2,500,2014-06-14,2014-06-29,2014-06-29,15,1006,1011,5,1,1,1,0,14,6,,
hel,hel1,5,2014-06-29,2014-07-15,2014-07-15,16,1004,1022,18,NA,NA,NA,NA,NA,NA,,
hel,hel1,50,2014-06-29,2014-07-15,2014-07-15,16,999,1017,18,NA,NA,NA,NA,NA,NA,,
hel,hel1,150,2014-06-29,2014-07-15,2014-07-15,16,1023,1027,4,NA,NA,NA,NA,NA,NA,,
hel,hel1,500,2014-06-29,2014-07-15,2014-07-15,16,1005,1010,5,NA,NA,NA,NA,NA,NA,,
hel,hel2,5,2014-06-29,2014-07-15,2014-07-15,16,1007,1019,12,NA,NA,NA,NA,NA,NA,,
hel,hel2,50,2014-06-29,2014-07-15,2014-07-15,16,1033,1038,5,NA,NA,NA,NA,NA,NA,,
hel,hel2,150,2014-06-29,2014-07-15,2014-07-15,16,na,na,na,NA,NA,NA,NA,NA,NA,"no sample cup, one set up on collection date",
hel,hel2,500,2014-06-29,2014-07-15,2014-07-15,16,1000,1005,5,NA,NA,NA,NA,NA,NA,,
hel,hel1,5,2014-07-15,2014-07-29,2014-07-29,14,NA,NA,NA,1,1,1,1,56,2,,
hel,hel1,50,2014-07-15,2014-07-29,2014-07-29,14,NA,NA,NA,1,1,1,0,26,1,,
hel,hel1,150,2014-07-15,2014-07-29,2014-07-29,14,NA,NA,NA,1,1,1,0,1,2,,
hel,hel1,500,2014-07-15,2014-07-29,2014-07-29,14,NA,NA,NA,1,1,1,0,19,0,,
hel,hel2,5,2014-07-15,2014-07-29,2014-07-29,14,NA,NA,NA,1,1,1,0,24,2,,
hel,hel2,50,2014-07-15,2014-07-29,2014-07-29,14,NA,NA,NA,1,1,1,0,7,1,,
hel,hel2,150,2014-07-15,2014-07-29,2014-07-29,14,NA,NA,NA,1,1,1,1,8,0,,
hel,hel2,500,2014-07-15,2014-07-29,2014-07-29,14,NA,NA,NA,1,1,1,0,40,0,,
myv,btl,5,2014-05-31,2014-06-08,2014-06-08,8,1378,2215,837,0.1,0.1,0.1,14,714,6,,
myv,btl,50,2014-05-31,2014-06-08,2014-06-08,8,1346,2304,958,0.1,0.1,0.1,28,824,3,"data sheet has 0.2 fraction counted, probably mistake so changed to 0.1",
myv,btl,150,2014-05-31,2014-06-08,2014-06-08,8,1345,1938,593,0.5,0.5,0.5,59,1304,44,,
myv,flg,5,2014-05-31,2014-06-08,2014-06-08,8,1357,1735,378,0.5,0.5,0.5,76,1070,6,,
myv,flg,50,2014-05-31,2014-06-08,2014-06-08,8,1307,1910,603,1,1,1,186,3274,5,,
myv,flg,150,2014-05-31,2014-06-08,2014-06-08,8,1334,1774,440,0.5,0.5,0.5,155,794,0,,
myv,flg,500,2014-05-31,2014-06-08,2014-06-08,8,1276,1418,142,1,1,1,107,665,1,,
myv,hag,5,2014-05-31,2014-06-08,2014-06-08,8,1295,2900,1605,0.1,0.1,0.1,13,1091,1,counts are only subsample (not mulitplied up yet),
myv,hag,50,2014-05-31,2014-06-08,2014-06-08,8,1333,2058,725,0.1,0.1,0.1,21,804,3,,
myv,hag,150,2014-05-31,2014-06-08,2014-06-08,8,1338,1691,353,0.5,0.5,0.5,88,965,26,,
myv,hag,500,2014-05-31,2014-06-08,2014-06-08,8,1307,1386,79,1,1,1,15,327,41,,
myv,kal,5,2014-05-31,2014-06-08,2014-06-08,8,1280,2132,852,0.1,0.1,0.1,7,566,0,,
myv,kal,50,2014-05-31,2014-06-08,2014-06-08,8,1291,2229,938,0.1,0.1,0.1,22,630,10,,
myv,kal,150,2014-05-31,2014-06-08,2014-06-08,8,1300,2352,1052,0.1,0.1,0.1,36,647,1,,
myv,non,5,2014-05-31,2014-06-08,2014-06-08,8,2569,3827.9,1258.9,0.1,0.1,0.1,2,1018,4,"sample was split up to be dried, added back together here with weight of paper label subtracted",
myv,non,50,2014-05-31,2014-06-08,2014-06-08,8,1296,2399,1103,0.1,0.1,0.1,40,867,4,,
myv,non,150,2014-05-31,2014-06-08,2014-06-08,8,1313,1897,584,0.1,0.1,0.1,31,387,1,,
myv,skf,20,2014-05-31,2014-06-08,2014-06-08,8,1299,2341,1042,0.1,0.1,0.1,4,853,3,,
myv,skf,50,2014-05-31,2014-06-08,2014-06-08,8,1359,2368,1009,0.1,0.1,0.1,6,769,0,,
myv,skf,200,2014-05-31,2014-06-08,2014-06-08,8,1365,1804,439,0.5,0.5,0.5,20,1076,6,,
myv,skf,350,2014-05-31,2014-06-08,2014-06-08,8,1284,1531,247,0.5,0.5,0.5,10,698,3,,
myv,vin,5,2014-05-31,2014-06-08,2014-06-08,8,1313,2907,1594,0.1,0.1,0.1,34,1122,2,,
myv,vin,50,2014-05-31,2014-06-08,2014-06-08,8,1367,2158,791,0.1,0.1,0.1,25,639,1,,
myv,vin,150,2014-05-31,2014-06-08,2014-06-08,8,1350,1973,623,1,1,1,143,3074,3,,
myv,btl,5,2014-06-08,2014-06-22,2014-06-22,14,1016,1653,637,NA,NA,NA,NA,NA,NA,,
myv,btl,50,2014-06-08,2014-06-22,2014-06-22,14,991,1451,460,NA,NA,NA,NA,NA,NA,,
myv,btl,150,2014-06-08,2014-06-22,2014-06-22,14,959,1385,426,NA,NA,NA,NA,NA,NA,,
myv,flg,5,2014-06-08,2014-06-22,2014-06-22,14,984.4,1176,191.6,NA,NA,NA,NA,NA,NA,,
myv,flg,50,2014-06-08,2014-06-22,2014-06-22,14,1020,1343,323,NA,NA,NA,NA,NA,NA,,
myv,flg,150,2014-06-08,2014-06-22,2014-06-22,14,1013,1231,218,NA,NA,NA,NA,NA,NA,,
myv,flg,500,2014-06-08,2014-06-22,2014-06-22,14,998,1044,46,NA,NA,NA,NA,NA,NA,,
myv,hag,5,2014-06-08,2014-06-22,2014-06-22,14,961.7,2821,1859.3,NA,NA,NA,NA,NA,NA,,
myv,hag,50,2014-06-08,2014-06-22,2014-06-22,14,1008,1661,653,NA,NA,NA,NA,NA,NA,,
myv,hag,150,2014-06-08,2014-06-22,2014-06-22,14,999,1328,329,NA,NA,NA,NA,NA,NA,,
myv,hag,500,2014-06-08,2014-06-22,2014-06-22,14,1003,1056,53,NA,NA,NA,NA,NA,NA,,
myv,kal,5,2014-06-08,2014-06-22,2014-06-22,14,1009,1533,524,NA,NA,NA,NA,NA,NA,,
myv,kal,50,2014-06-08,2014-06-22,2014-06-22,14,1046,1673,627,NA,NA,NA,NA,NA,NA,,
myv,kal,150,2014-06-08,2014-06-22,2014-06-22,14,1005,1307,302,NA,NA,NA,NA,NA,NA,,
myv,non,5,2014-06-08,2014-06-22,2014-06-22,14,1020,2190,1170,NA,NA,NA,NA,NA,NA,,
myv,non,50,2014-06-08,2014-06-22,2014-06-22,14,999,1340,341,NA,NA,NA,NA,NA,NA,,
myv,non,150,2014-06-08,2014-06-22,2014-06-22,14,1032,1203,171,NA,NA,NA,NA,NA,NA,,
myv,skf,20,2014-06-08,2014-06-22,2014-06-22,14,1039,1230,191,NA,NA,NA,NA,NA,NA,,
myv,skf,50,2014-06-08,2014-06-22,2014-06-22,14,1041,1095,54,NA,NA,NA,NA,NA,NA,,
myv,skf,200,2014-06-08,2014-06-22,2014-06-22,14,996.1,1024,27.9,NA,NA,NA,NA,NA,NA,,
myv,skf,350,2014-06-08,2014-06-22,2014-06-22,14,1022,1066,44,NA,NA,NA,NA,NA,NA,,
myv,vin,5,2014-06-08,2014-06-22,2014-06-22,14,1047,1439,392,NA,NA,NA,NA,NA,NA,,
myv,vin,50,2014-06-08,2014-06-22,2014-06-22,14,1021,1224,203,NA,NA,NA,NA,NA,NA,,
myv,vin,150,2014-06-08,2014-06-22,2014-06-22,14,1046,1262,216,NA,NA,NA,NA,NA,NA,,
myv,btl,5,2014-06-22,2014-07-05,2014-07-05,13,994,1121,127,1,1,1,0,791,0,,
myv,btl,50,2014-06-22,2014-07-05,2014-07-05,13,1040,1204,164,1,1,1,1,786,3,,
myv,btl,150,2014-06-22,2014-07-05,2014-07-05,13,1044,1134,90,NA,NA,NA,NA,NA,NA,,
myv,flg,5,2014-06-22,2014-07-05,2014-07-05,13,1292,1364,72,NA,NA,NA,NA,NA,NA,,
myv,flg,50,2014-06-22,2014-07-05,2014-07-05,13,961,1180,219,NA,NA,NA,NA,NA,NA,,
myv,flg,150,2014-06-22,2014-07-05,2014-07-05,13,1015,1160,145,NA,NA,NA,NA,NA,NA,,
myv,flg,500,2014-06-22,2014-07-05,2014-07-05,13,1004,1035,31,1,1,1,2,209,0,,
myv,hag,5,2014-06-22,2014-07-05,2014-07-05,13,1003,1538,535,NA,NA,NA,NA,NA,NA,super dirty,
myv,hag,50,2014-06-22,2014-07-05,2014-07-05,13,1024,1404,380,NA,NA,NA,NA,NA,NA,,
myv,hag,150,2014-06-22,2014-07-05,2014-07-05,13,998,1026,28,1,1,1,0,215,0,,
myv,hag,500,2014-06-22,2014-07-05,2014-07-05,13,1006,1009,3,NA,NA,NA,NA,NA,NA,,
myv,kal,5,2014-06-22,2014-07-05,2014-07-05,13,1003,1199,196,NA,NA,NA,NA,NA,NA,,
myv,kal,50,2014-06-22,2014-07-05,2014-07-05,13,1004,1139,135,NA,NA,NA,NA,NA,NA,,
myv,kal,150,2014-06-22,2014-07-05,2014-07-05,13,996,1050,54,NA,NA,NA,NA,NA,NA,,
myv,non,5,2014-06-22,2014-07-05,2014-07-05,13,991,1529,538,NA,NA,NA,NA,NA,NA,,
myv,non,50,2014-06-22,2014-07-05,2014-07-05,13,1008,1103,95,NA,NA,NA,NA,NA,NA,,
myv,non,150,2014-06-22,2014-07-05,2014-07-05,13,1290,1340,50,NA,NA,NA,NA,NA,NA,,
myv,skf,20,2014-06-22,2014-07-05,2014-07-05,13,1023,1093,70,NA,NA,NA,NA,NA,NA,,
myv,skf,50,2014-06-22,2014-07-05,2014-07-05,13,1001,1043,42,1,1,1,0,403,0,,
myv,skf,200,2014-06-22,2014-07-05,2014-07-05,13,1001,1008,7,1,1,1,1,34,0,,
myv,skf,350,2014-06-22,2014-07-05,2014-07-05,13,1024,1036,12,NA,NA,NA,NA,NA,NA,,
myv,vin,5,2014-06-22,2014-07-05,2014-07-05,13,1024,1083,59,NA,NA,NA,NA,NA,NA,,
myv,vin,50,2014-06-22,2014-07-05,2014-07-05,13,1005,1063,58,NA,NA,NA,NA,NA,NA,,
myv,vin,150,2014-06-22,2014-07-05,2014-07-05,13,1010,1060,50,NA,NA,NA,NA,NA,NA,,
myv,btl,5,2014-07-05,2014-07-19,2014-07-19,14,1005,1131,126,1,1,1,0,1098,1,,
myv,btl,50,2014-07-05,2014-07-19,2014-07-19,14,1010,1188,178,0.5,0.5,0.5,0,945,0,,
myv,btl,150,2014-07-05,2014-07-19,2014-07-19,14,993,1054,61,1,1,1,0,591,0,,
myv,flg,5,2014-07-05,2014-07-19,2014-07-19,14,995,1459,464,1,0.5,1,1,1840,2,,
myv,flg,50,2014-07-05,2014-07-19,2014-07-19,14,1013,1524,511,1,0.1,1,4,368,0,,
myv,flg,150,2014-07-05,2014-07-19,2014-07-19,14,1018,1210,192,0.5,0.5,0.5,1,842,0,,
myv,flg,500,2014-07-05,2014-07-19,2014-07-19,14,1022,1081,59,1,1,1,1,560,0,,
myv,hag,5,2014-07-05,2014-07-19,2014-07-19,14,1012,1116,104,1,1,1,0,683,3,,
myv,hag,50,2014-07-05,2014-07-19,2014-07-19,14,1001,1224,223,0.5,0.5,0.5,0,1046,0,,
myv,hag,150,2014-07-05,2014-07-19,2014-07-19,14,1004,1058,54,1,1,1,0,256,1,,
myv,hag,500,2014-07-05,2014-07-19,2014-07-19,14,994,1000,6,1,1,1,0,55,1,,
myv,kal,5,2014-07-05,2014-07-19,2014-07-19,14,1048,1495,447,0.1,0.1,0.1,0,360,0,,
myv,kal,50,2014-07-05,2014-07-19,2014-07-19,14,1008,1238,230,1,0.5,1,0,401,0,,
myv,kal,150,2014-07-05,2014-07-19,2014-07-19,14,1006,1140,134,1,1,1,0,1332,1,,
myv,non,5,2014-07-05,2014-07-19,2014-07-19,14,1009,1461,452,1,0.1,1,0,485,0,,
myv,non,50,2014-07-05,2014-07-19,2014-07-19,14,991,1165,174,0.5,0.5,0.5,1,678,0,,
myv,non,150,2014-07-05,2014-07-19,2014-07-19,14,1004,1065,61,1,1,1,0,509,1,,
myv,skf,20,2014-07-05,2014-07-19,2014-07-19,14,1017,1179,162,0.5,0.5,0.5,0,707,0,,
myv,skf,50,2014-07-05,2014-07-19,2014-07-19,14,990,1113,123,1,1,1,0,1458,0,,
myv,skf,200,2014-07-05,2014-07-19,2014-07-19,14,1005,1028,23,1,1,1,0,186,1,,
myv,skf,350,2014-07-05,2014-07-19,2014-07-19,14,1345,1377,32,1,1,1,2,222,2,,
myv,vin,5,2014-07-05,2014-07-19,2014-07-19,14,1029,1310,281,1,0.5,0.5,0,1030,2,,
myv,vin,50,2014-07-05,2014-07-19,2014-07-19,14,988,1465,477,1,0.1,1,0,594,0,,
myv,vin,150,2014-07-05,2014-07-19,2014-07-19,14,1338,1499,161,1,0.5,1,0,715,2,,
myv,btl,5,2014-07-19,2014-08-03,2014-08-04,15,NA,NA,NA,1,0.1,1,0,417,0,,
myv,btl,50,2014-07-19,2014-08-03,2014-08-04,15,NA,NA,NA,1,0.1,1,2,534,0,,
myv,btl,150,2014-07-19,2014-08-03,2014-08-04,15,NA,NA,NA,1,0.1,1,0,324,0,,
myv,flg,5,2014-07-19,2014-08-03,2014-08-04,15,NA,NA,NA,1,0.5,1,0,642,0,,
myv,flg,50,2014-07-19,2014-08-03,2014-08-04,15,NA,NA,NA,1,1,1,3,1258,2,,
myv,flg,150,2014-07-19,2014-08-03,2014-08-04,15,NA,NA,NA,1,1,1,1,575,0,,
myv,flg,500,2014-07-19,2014-08-03,2014-08-04,15,NA,NA,NA,1,1,1,1,302,0,,
myv,hag,5,2014-07-19,2014-08-03,2014-08-04,15,NA,NA,NA,1,0.5,1,0,838,18,,
myv,hag,50,2014-07-19,2014-08-03,2014-08-04,15,NA,NA,NA,1,0.1,1,0,469,0,,
myv,hag,150,2014-07-19,2014-08-03,2014-08-04,15,NA,NA,NA,NA,NA,NA,NA,NA,NA,sample lost in field,
myv,hag,500,2014-07-19,2014-08-03,2014-08-04,15,NA,NA,NA,1,1,1,0,96,1,some of sample lost in field,
myv,kal,5,2014-07-19,2014-08-03,2014-08-04,15,NA,NA,NA,1,0.5,1,1,1088,0,,
myv,kal,50,2014-07-19,2014-08-03,2014-08-04,15,NA,NA,NA,1,0.1,1,0,316,0,,
myv,kal,150,2014-07-19,2014-08-03,2014-08-04,15,NA,NA,NA,1,0.5,1,2,886,0,,
myv,non,5,2014-07-19,2014-08-03,2014-08-04,15,NA,NA,NA,1,0.1,1,0,1220,0,,
myv,non,50,2014-07-19,2014-08-03,2014-08-04,15,NA,NA,NA,1,0.1,1,1,435,0,,
myv,non,150,2014-07-19,2014-08-03,2014-08-04,15,NA,NA,NA,1,0.5,1,1,514,0,,
myv,skf,20,2014-07-19,2014-08-03,2014-08-04,15,NA,NA,NA,1,0.5,1,1,1160,0,,
myv,skf,50,2014-07-19,2014-08-03,2014-08-04,15,NA,NA,NA,1,0.5,1,0,973,0,,
myv,skf,200,2014-07-19,2014-08-03,2014-08-04,15,NA,NA,NA,1,1,1,3,189,0,,
myv,skf,350,2014-07-19,2014-08-03,2014-08-04,15,NA,NA,NA,1,1,1,14,293,0,,
myv,vin,5,2014-07-19,2014-08-03,2014-08-04,15,NA,NA,NA,1,0.1,1,0,308,0,,
myv,vin,50,2014-07-19,2014-08-03,2014-08-04,15,NA,NA,NA,1,0.1,1,0,316,0,,
myv,vin,150,2014-07-19,2014-08-03,2014-08-04,15,NA,NA,NA,1,0.5,1,0,634,0,,
hel,hel1,5,2015-06-06,2015-06-11,2015-06-12,5,NA,NA,NA,1,1,1,6,0,1,,
hel,hel1,50,2015-06-06,2015-06-11,2015-06-12,5,NA,NA,NA,1,1,1,2,0,0,,
hel,hel1,150,2015-06-06,2015-06-11,2015-06-12,5,NA,NA,NA,1,1,1,0,4,1,,
hel,hel1,500,2015-06-06,2015-06-11,2015-06-12,5,NA,NA,NA,1,1,1,1,2,3,,
hel,hel2,5,2015-06-06,2015-06-11,2015-06-12,5,NA,NA,NA,1,1,1,5,6,1,,
hel,hel2,50,2015-06-06,2015-06-11,2015-06-12,5,NA,NA,NA,1,1,1,9,0,0,,
hel,hel2,150,2015-06-06,2015-06-11,2015-06-12,5,NA,NA,NA,1,1,1,1,1,0,,
hel,hel2,500,2015-06-06,2015-06-11,2015-06-12,5,NA,NA,NA,NA,NA,NA,NA,NA,NA,lost due to wind storm,
myv,btl,5,2015-06-06,2015-06-11,2015-06-12,5,NA,NA,NA,1,1,1,143,679,1,,
myv,btl,50,2015-06-06,2015-06-11,2015-06-12,5,NA,NA,NA,1,1,1,126,56,0,,
myv,btl,150,2015-06-06,2015-06-11,2015-06-12,5,NA,NA,NA,NA,NA,NA,NA,NA,NA,dropped sample cup,
myv,flg,5,2015-06-06,2015-06-11,2015-06-12,5,NA,NA,NA,1,1,1,53,14,2,,
myv,flg,50,2015-06-06,2015-06-11,2015-06-12,5,NA,NA,NA,1,1,1,109,45,0,,
myv,flg,150,2015-06-06,2015-06-11,2015-06-12,5,NA,NA,NA,NA,NA,NA,NA,NA,NA,lost due to wind storm,
myv,flg,500,2015-06-06,2015-06-11,2015-06-12,5,NA,NA,NA,NA,NA,NA,NA,NA,NA,lost due to wind storm,
myv,hag,5,2015-06-06,2015-06-11,2015-06-12,5,NA,NA,NA,NA,NA,NA,NA,NA,NA,lost due to wind storm,
myv,hag,50,2015-06-06,2015-06-11,2015-06-12,5,NA,NA,NA,1,1,1,124,73,1,,
myv,hag,150,2015-06-06,2015-06-11,2015-06-12,5,NA,NA,NA,1,1,1,79,20,0,,
myv,hag,500,2015-06-06,2015-06-11,2015-06-12,5,NA,NA,NA,NA,NA,NA,NA,NA,NA,lost due to wind storm,
myv,kal,5,2015-06-06,2015-06-11,2015-06-12,5,NA,NA,NA,0.125,0.125,0.125,12,640,0,used midge spitter device to split the sample three times,
myv,kal,50,2015-06-06,2015-06-11,2015-06-12,5,NA,NA,NA,1,1,1,371,257,1,,
myv,kal,150,2015-06-06,2015-06-11,2015-06-12,5,NA,NA,NA,1,1,1,367,247,2,,
myv,non,5,2015-06-06,2015-06-11,2015-06-12,5,NA,NA,NA,0.25,0.25,0.25,44,1338,0,used midge splitter devicee to split the sample twice,
myv,non,50,2015-06-06,2015-06-11,2015-06-12,5,NA,NA,NA,1,1,1,165,457,1,,
myv,non,150,2015-06-06,2015-06-11,2015-06-12,5,NA,NA,NA,1,1,1,170,173,2,,
myv,skf,20,2015-06-06,2015-06-11,2015-06-12,5,NA,NA,NA,1,1,1,38,106,5,,
myv,skf,50,2015-06-06,2015-06-11,2015-06-12,5,NA,NA,NA,1,1,1,35,65,4,,
myv,skf,200,2015-06-06,2015-06-11,2015-06-12,5,NA,NA,NA,1,1,1,6,10,1,,
myv,skf,350,2015-06-06,2015-06-11,2015-06-12,5,NA,NA,NA,1,1,1,3,9,0,,
myv,vin,5,2015-06-06,2015-06-11,2015-06-12,5,NA,NA,NA,1,1,1,286,583,12,,
myv,vin,50,2015-06-06,2015-06-11,2015-06-12,5,NA,NA,NA,1,1,1,162,69,5,,
myv,vin,150,2015-06-06,2015-06-11,2015-06-12,5,NA,NA,NA,1,1,1,196,39,5,,
hel,hel1,5,2015-06-11,2015-06-27,2015-06-28,16,NA,NA,NA,1,1,1,15,33,27,sample not archived,
hel,hel1,50,2015-06-11,2015-06-27,2015-06-28,16,NA,NA,NA,1,1,1,1,20,18,very dirty sample with many terrestrial insects,
hel,hel1,150,2015-06-11,2015-06-27,2015-06-28,16,NA,NA,NA,1,1,1,0,13,15,1 other,
hel,hel1,500,2015-06-11,2015-06-27,2015-06-28,16,NA,NA,NA,1,1,1,4,23,23,sample not archived ,
hel,hel2,5,2015-06-11,2015-06-27,2015-06-28,16,NA,NA,NA,1,1,1,12,59,29,sample not archived,
hel,hel2,50,2015-06-11,2015-06-27,2015-06-28,16,NA,NA,NA,1,1,1,4,19,29,,
hel,hel2,150,2015-06-11,2015-06-27,2015-06-28,16,NA,NA,NA,1,1,1,2,31,52,,
hel,hel2,500,2015-06-11,2015-06-27,2015-06-28,16,NA,NA,NA,1,1,1,3,12,31,3 other,
myv,btl,5,2015-06-11,2015-06-27,2015-06-28,16,NA,NA,NA,0.125,0.125,0.125,26,2035,1,,
myv,btl,50,2015-06-11,2015-06-27,2015-06-28,16,NA,NA,NA,0.125,0.125,0.125,21,1052,2,,
myv,btl,150,2015-06-11,2015-06-27,2015-06-28,16,NA,NA,NA,0.25,0.25,0.25,32,456,26,,
myv,flg,5,2015-06-11,2015-06-27,2015-06-28,16,NA,NA,NA,1,1,1,67,118,6,,
myv,flg,50,2015-06-11,2015-06-27,2015-06-28,16,NA,NA,NA,1,1,1,312,244,8,1 spider,
myv,flg,150,2015-06-11,2015-06-27,2015-06-28,16,NA,NA,NA,0.5,0.5,0.5,173,202,2,2 other,
myv,flg,500,2015-06-11,2015-06-27,2015-06-28,16,NA,NA,NA,1,1,1,189,565,7,sample not archived,
myv,hag,5,2015-06-11,2015-06-27,2015-06-28,16,NA,NA,NA,0.125,0.125,0.125,8,652,7,,
myv,hag,50,2015-06-11,2015-06-27,2015-06-28,16,NA,NA,NA,0.25,0.25,0.25,55,852,8,sample not archived,
myv,hag,150,2015-06-11,2015-06-27,2015-06-28,16,NA,NA,NA,1,1,1,171,610,17,,
myv,hag,500,2015-06-11,2015-06-27,2015-06-28,16,NA,NA,NA,1,1,1,15,100,19,2 lepidoptera; 2 spiders,
myv,kal,5,2015-06-11,2015-06-27,2015-06-28,16,NA,NA,NA,0.125,0.125,0.125,22,1860,0,,
myv,kal,50,2015-06-11,2015-06-27,2015-06-28,16,NA,NA,NA,0.125,0.125,0.125,52,635,11,,
myv,kal,150,2015-06-11,2015-06-27,2015-06-28,16,NA,NA,NA,,0.25,0.25,122,410,9,,
myv,non,5,2015-06-11,2015-06-27,2015-06-28,16,NA,NA,NA,0.125,0.0625,0.0625,35,1459,1,,
myv,non,50,2015-06-11,2015-06-27,2015-06-28,16,NA,NA,NA,0.125,0.125,0.125,48,413,2,,
myv,non,150,2015-06-11,2015-06-27,2015-06-28,16,NA,NA,NA,0.25,0.25,0.25,78,521,10,,
myv,skf,20,2015-06-11,2015-06-27,2015-06-28,16,NA,NA,NA,0.125,0.125,0.125,10,575,9,,
myv,skf,50,2015-06-11,2015-06-27,2015-06-28,16,NA,NA,NA,0.5,0.5,0.5,51,875,32,,
myv,skf,200,2015-06-11,2015-06-27,2015-06-28,16,NA,NA,NA,1,1,1,70,257,20,,
myv,skf,350,2015-06-11,2015-06-27,2015-06-28,16,NA,NA,NA,1,1,1,26,271,20,,
myv,vin,5,2015-06-11,2015-06-27,2015-06-28,16,NA,NA,NA,0.125,0.0625,0.0625,37,863,6,,
myv,vin,50,2015-06-11,2015-06-27,2015-06-28,16,NA,NA,NA,0.25,0.25,0.25,65,855,16,,
myv,vin,150,2015-06-11,2015-06-27,2015-06-28,16,NA,NA,NA,0.5,0.5,0.5,55,418,73,,
hel,hel1,5,2015-06-27,2015-07-13,2015-07-13,16,NA,NA,NA,1,1,1,1,79,75,2 large horseflies,
hel,hel1,50,2015-06-27,2015-07-13,2015-07-13,16,NA,NA,NA,1,1,1,0,123,23,,
hel,hel1,150,2015-06-27,2015-07-13,2015-07-13,16,NA,NA,NA,1,1,1,0,8,42,,
hel,hel1,500,2015-06-27,2015-07-13,2015-07-13,16,NA,NA,NA,1,1,1,0,13,72,,
hel,hel2,5,2015-06-27,2015-07-13,2015-07-13,16,NA,NA,NA,1,1,1,1,166,42,"1 lepidoptera, 1 spider",
hel,hel2,50,2015-06-27,2015-07-13,2015-07-13,16,NA,NA,NA,1,1,1,0,309,85,,
hel,hel2,150,2015-06-27,2015-07-13,2015-07-13,16,NA,NA,NA,1,1,1,0,16,64,,
hel,hel2,500,2015-06-27,2015-07-13,2015-07-13,16,NA,NA,NA,1,1,1,1,6,30,1 lepidoptera,
myv,btl,5,2015-06-27,2015-07-13,2015-07-13,16,NA,NA,NA,1,1,1,3,452,14,,
myv,btl,50,2015-06-27,2015-07-13,2015-07-13,16,NA,NA,NA,1,1,1,1,70,14,,
myv,btl,150,2015-06-27,2015-07-13,2015-07-13,16,NA,NA,NA,1,1,1,6,243,19,"1 lepidoptera, 1 big diptera",
myv,flg,5,2015-06-27,2015-07-13,2015-07-13,16,NA,NA,NA,1,1,1,4,116,12,,
myv,flg,50,2015-06-27,2015-07-13,2015-07-13,16,NA,NA,NA,1,1,1,3,95,8,2 others,
myv,flg,150,2015-06-27,2015-07-13,2015-07-13,16,NA,NA,NA,1,1,1,3,29,8,,
myv,flg,500,2015-06-27,2015-07-13,2015-07-13,16,NA,NA,NA,1,1,1,2,23,3,,
myv,hag,5,2015-06-27,2015-07-13,2015-07-13,16,NA,NA,NA,NA,NA,NA,NA,NA,NA,missing,
myv,hag,50,2015-06-27,2015-07-13,2015-07-13,16,NA,NA,NA,NA,NA,NA,NA,NA,NA,cup dropped,
myv,hag,150,2015-06-27,2015-07-13,2015-07-13,16,NA,NA,NA,1,1,1,3,84,19,,
myv,hag,500,2015-06-27,2015-07-13,2015-07-13,16,NA,NA,NA,1,1,1,0,9,7,,
myv,kal,5,2015-06-27,2015-07-13,2015-07-13,16,NA,NA,NA,1,1,1,2,156,7,1 other,
myv,kal,50,2015-06-27,2015-07-13,2015-07-13,16,NA,NA,NA,1,1,1,4,55,43,1 horsefly,
myv,kal,150,2015-06-27,2015-07-13,2015-07-13,16,NA,NA,NA,1,1,1,1,63,24,,
myv,non,5,2015-06-27,2015-07-13,2015-07-13,16,NA,NA,NA,0.25,0.25,0.25,3,890,2,1 other,
myv,non,50,2015-06-27,2015-07-13,2015-07-13,16,NA,NA,NA,1,1,1,194,8,17,4 beetles,
myv,non,150,2015-06-27,2015-07-13,2015-07-13,16,NA,NA,NA,1,1,1,1,32,13,,
myv,skf,20,2015-06-27,2015-07-13,2015-07-13,16,NA,NA,NA,1,1,1,1,570,28,,
myv,skf,50,2015-06-27,2015-07-13,2015-07-13,16,NA,NA,NA,1,1,1,5,238,22,1 other,
myv,skf,200,2015-06-27,2015-07-13,2015-07-13,16,NA,NA,NA,1,1,1,0,63,22,,
myv,skf,350,2015-06-27,2015-07-13,2015-07-13,16,NA,NA,NA,1,1,1,0,63,28,,
myv,vin,5,2015-06-27,2015-07-13,2015-07-13,16,NA,NA,NA,1,1,1,5,265,53,"1 opilionid, 1 other diptera, 2 earwigs",
myv,vin,50,2015-06-27,2015-07-13,2015-07-13,16,NA,NA,NA,1,1,1,3,89,50,,
myv,vin,150,2015-06-27,2015-07-13,2015-07-13,16,NA,NA,NA,1,1,1,0,36,73,1 other,
hel,hel1,5,2015-07-13,2015-07-30,2015-07-30,17,NA,NA,NA,1,1,1,0,95,14,,
hel,hel1,50,2015-07-13,2015-07-30,2015-07-30,17,NA,NA,NA,NA,NA,NA,NA,NA,NA,cup was missing from rebar,
hel,hel1,150,2015-07-13,2015-07-30,2015-07-30,17,NA,NA,NA,1,1,1,0,22,9,,
hel,hel1,500,2015-07-13,2015-07-30,2015-07-30,17,NA,NA,NA,1,1,1,0,10,64,1 lepidopteran,
hel,hel2,5,2015-07-13,2015-07-30,2015-07-30,17,NA,NA,NA,1,1,1,0,52,19,,
hel,hel2,50,2015-07-13,2015-07-30,2015-07-30,17,NA,NA,NA,1,1,1,0,98,63,,
hel,hel2,150,2015-07-13,2015-07-30,2015-07-30,17,NA,NA,NA,1,1,1,0,14,47,1 other dipteran,
hel,hel2,500,2015-07-13,2015-07-30,2015-07-30,17,NA,NA,NA,1,1,1,0,5,19,"1 acari, 2 other diptera",
myv,btl,5,2015-07-13,2015-07-30,2015-07-30,17,NA,NA,NA,1,1,1,0,67,6,2 other spiders,
myv,btl,50,2015-07-13,2015-07-30,2015-07-30,17,NA,NA,NA,1,1,1,0,45,9,"1 opilionid, 3 other diptera",
myv,btl,150,2015-07-13,2015-07-30,2015-07-30,17,NA,NA,NA,1,1,1,0,29,13,"3 other diptera, 1 opilionid",
myv,flg,5,2015-07-13,2015-07-30,2015-07-30,17,NA,NA,NA,1,1,1,0,136,13,2 possible snake flies,
myv,flg,50,2015-07-13,2015-07-30,2015-07-30,17,NA,NA,NA,1,1,1,0,65,14,5 possible snake flies,
myv,flg,150,2015-07-13,2015-07-30,2015-07-30,17,NA,NA,NA,1,1,1,0,26,3,,
myv,flg,500,2015-07-13,2015-07-30,2015-07-30,17,NA,NA,NA,1,1,1,0,10,1,1 possible snake fly,
myv,hag,5,2015-07-13,2015-07-30,2015-07-30,17,NA,NA,NA,1,1,1,0,3,17,,
myv,hag,50,2015-07-13,2015-07-30,2015-07-30,17,NA,NA,NA,1,1,1,0,101,36,9 possible snake flies,
myv,hag,150,2015-07-13,2015-07-30,2015-07-30,17,NA,NA,NA,1,1,1,0,44,13,,
myv,hag,500,2015-07-13,2015-07-30,2015-07-30,17,NA,NA,NA,1,1,1,0,18,34,1 other dipteran,
myv,kal,5,2015-07-13,2015-07-30,2015-07-30,17,NA,NA,NA,1,1,1,2,451,9,5 possible snake flies,
myv,kal,50,2015-07-13,2015-07-30,2015-07-30,17,NA,NA,NA,1,1,1,0,60,29,"5 other diptera, 10 possible snake flies, 1 hymenoptera",
myv,kal,150,2015-07-13,2015-07-30,2015-07-30,17,NA,NA,NA,1,1,1,0,52,8,1 other dipteran; 6 possible snake flies,
myv,non,5,2015-07-13,2015-07-30,2015-07-30,17,NA,NA,NA,0.25,0.25,0.25,0,724,4,2 other diptera; 10 possible snake flies,
myv,non,50,2015-07-13,2015-07-30,2015-07-30,17,NA,NA,NA,1,1,1,0,302,1,"JB: fract_bgch was 2, changed to 1 following datasheet 10Dec2020",
myv,non,150,2015-07-13,2015-07-30,2015-07-30,17,NA,NA,NA,1,1,1,0,75,10,,
myv,skf,20,2015-07-13,2015-07-30,2015-07-30,17,NA,NA,NA,1,1,1,0,22,48,"6 opilionids, 1 other spider",
myv,skf,50,2015-07-13,2015-07-30,2015-07-30,17,NA,NA,NA,1,1,1,0,5,44,1 opilionid,
myv,skf,200,2015-07-13,2015-07-30,2015-07-30,17,NA,NA,NA,1,1,1,0,12,65,"4 possible snake flies, 1 moth, 1 other dipteran",
myv,skf,350,2015-07-13,2015-07-30,2015-07-30,17,NA,NA,NA,1,1,1,1,16,23,1 other spider,
myv,vin,5,2015-07-13,2015-07-30,2015-07-30,17,NA,NA,NA,1,1,1,1,52,121,"1 opilionid, 1 other dipteran",
myv,vin,50,2015-07-13,2015-07-30,2015-07-30,17,NA,NA,NA,1,1,1,0,11,63,33 possible snake flies,
myv,vin,150,2015-07-13,2015-07-30,2015-07-30,17,NA,NA,NA,1,1,1,0,10,102,,
myv,btl,5,2016-06-05,2016-06-17,2016-06-17,12,NA,NA,NA,0.25,0.25,0.25,34,556,4,,
myv,btl,50,2016-06-05,2016-06-17,2016-06-17,12,NA,NA,NA,0.25,0.25,0.25,81,544,17,,
myv,btl,150,2016-06-05,2016-06-17,2016-06-17,12,NA,NA,NA,0.25,0.25,0.25,162,255,34,,
myv,hag,5,2016-06-05,2016-06-17,2016-06-17,12,NA,NA,NA,0.25,0.25,0.25,54,679,27,,
myv,hag,50,2016-06-05,2016-06-17,2016-06-17,12,NA,NA,NA,0.25,0.25,0.25,78,399,24,,
myv,hag,150,2016-06-05,2016-06-17,2016-06-17,12,NA,NA,NA,0.25,0.25,0.25,77,274,8,,
myv,hag,500,2016-06-05,2016-06-17,2016-06-17,12,NA,NA,NA,1,1,1,20,90,126,,
myv,skf,20,2016-06-05,2016-06-17,2016-06-17,12,NA,NA,NA,1,1,1,25,670,25,cup slid down to the bottom of the rebar,
myv,skf,50,2016-06-05,2016-06-17,2016-06-17,12,NA,NA,NA,1,1,1,33,330,33,"2 trichopetera, 1 lepidoptera, 8 other diptera",
myv,skf,200,2016-06-05,2016-06-17,2016-06-17,12,NA,NA,NA,1,1,1,13,58,6,10 other diptera,
myv,skf,350,2016-06-05,2016-06-17,2016-06-17,12,NA,NA,NA,1,1,1,3,34,7,7 other diptera,
myv,vin,5,2016-06-05,2016-06-17,2016-06-17,12,NA,NA,NA,0.5,0.5,0.5,37,673,14,,
myv,vin,50,2016-06-05,2016-06-17,2016-06-17,12,NA,NA,NA,1,1,1,86,436,42,"small spill in car, was able to catch the sample, possible that some got lost",
myv,vin,150,2016-06-05,2016-06-17,2016-06-17,12,NA,NA,NA,1,1,1,38,258,61,,
myv,flg,5,2016-06-05,2016-06-17,2016-06-17,12,NA,NA,NA,1,1,1,38,668,15,"1 bee mimic, 5 flies with yellow lacy wings",
myv,flg,50,2016-06-05,2016-06-17,2016-06-17,12,NA,NA,NA,1,1,1,136,695,12,"9 moths, 1 brown unknow fly",
myv,flg,150,2016-06-05,2016-06-17,2016-06-17,12,NA,NA,NA,1,1,1,134,261,5,2 flies with double wings,
myv,flg,500,2016-06-05,2016-06-17,2016-06-17,12,NA,NA,NA,1,1,1,17,66,7,"1 opilionid, 1 mystery spider, 1 unknown brown fly",
myv,non,5,2016-06-05,2016-06-17,2016-06-17,12,NA,NA,NA,1,0.125,1,58,763,9,2 other diptera; 14 snake flies,
myv,non,50,2016-06-05,2016-06-17,2016-06-17,12,NA,NA,NA,0.5,0.5,0.5,62,1118,13,2 bee-mimics,
myv,non,150,2016-06-05,2016-06-17,2016-06-17,12,NA,NA,NA,1,1,1,90,618,29,1 large black fly,
myv,kal,5,2016-06-05,2016-06-17,2016-06-17,12,NA,NA,NA,0.5,0.5,0.5,22,1005,14,"1 trichoptera, 2 other diptera",
myv,kal,50,2016-06-05,2016-06-17,2016-06-17,12,NA,NA,NA,0.5,0.5,0.5,67,633,754,,
myv,kal,150,2016-06-05,2016-06-17,2016-06-17,12,NA,NA,NA,0.5,0.5,0.5,117,431,17,,
hel,hel1,5,2016-06-05,2016-06-17,2016-06-17,12,NA,NA,NA,1,1,1,86,14,10,,
hel,hel1,50,2016-06-05,2016-06-17,2016-06-17,12,NA,NA,NA,1,1,1,16,88,10,,
hel,hel1,150,2016-06-05,2016-06-17,2016-06-17,12,NA,NA,NA,1,1,1,2,21,10,,
hel,hel1,500,2016-06-05,2016-06-17,2016-06-17,12,NA,NA,NA,1,1,1,0,6,21,,
hel,hel2,5,2016-06-05,2016-06-17,2016-06-17,12,NA,NA,NA,1,1,1,56,30,71,,
hel,hel2,50,2016-06-05,2016-06-17,2016-06-17,12,NA,NA,NA,1,1,1,10,17,25,,
hel,hel2,150,2016-06-05,2016-06-17,2016-06-17,12,NA,NA,NA,1,1,1,6,59,33,,
hel,hel2,500,2016-06-05,2016-06-17,2016-06-17,12,NA,NA,NA,1,1,1,4,12,13,,
myv,btl,5,2016-06-17,2016-06-30,2016-06-30,13,NA,NA,NA,1,1,1,2,200,18,"3 spiders,1 opilionidae, 2 other diptera",
myv,btl,50,2016-06-17,2016-06-30,2016-06-30,13,NA,NA,NA,1,1,1,2,216,16,"2 spiders, 2 snake flies, 1 trichoptera",
myv,btl,150,2016-06-17,2016-06-30,2016-06-30,13,NA,NA,NA,1,1,1,3,89,36,1 opilionid,
myv,vin,5,2016-06-17,2016-06-30,2016-06-30,13,NA,NA,NA,1,1,1,0,327,48,2 other diptera,
myv,vin,50,2016-06-17,2016-06-30,2016-06-30,13,NA,NA,NA,1,1,1,5,182,35,1 opilionid,
myv,vin,150,2016-06-17,2016-06-30,2016-06-30,13,NA,NA,NA,1,1,1,3,74,162,"1 opilionid, 7 snake flies",
myv,skf,20,2016-06-17,2016-06-30,2016-06-30,13,NA,NA,NA,1,1,1,0,301,30,1 spider,
myv,skf,50,2016-06-17,2016-06-30,2016-06-30,13,NA,NA,NA,1,1,1,2,170,30,"11 opilionid, 2 other diptera",
myv,skf,200,2016-06-17,2016-06-30,2016-06-30,13,NA,NA,NA,1,1,1,0,56,63,,
myv,skf,350,2016-06-17,2016-06-30,2016-06-30,13,NA,NA,NA,1,1,1,0,69,61,,
myv,flg,5,2016-06-17,2016-06-30,2016-06-30,13,NA,NA,NA,0.5,0.5,0.5,1,672,6,1 other diptera,
myv,flg,50,2016-06-17,2016-06-30,2016-06-30,13,NA,NA,NA,0.5,0.5,0.5,2,1318,4,"1 other diptera, 1 opilionid, 2 snake flies",
myv,flg,150,2016-06-17,2016-06-30,2016-06-30,13,NA,NA,NA,1,1,1,9,456,15,,
myv,flg,500,2016-06-17,2016-06-30,2016-06-30,13,NA,NA,NA,1,1,1,2,75,4,,
myv,hag,5,2016-06-17,2016-06-30,2016-06-30,13,NA,NA,NA,NA,NA,NA,NA,NA,NA,"*Eaten by sheep, infall destroyed by sheep suspects",
myv,hag,50,2016-06-17,2016-06-30,2016-06-30,13,NA,NA,NA,1,1,1,4,397,32,,
myv,hag,150,2016-06-17,2016-06-30,2016-06-30,13,NA,NA,NA,1,1,1,5,281,27,,
myv,hag,500,2016-06-17,2016-06-30,2016-06-30,13,NA,NA,NA,1,1,1,1,95,12,,
myv,non,5,2016-06-17,2016-06-30,2016-06-30,13,NA,NA,NA,1,1,1,0,451,16,lots of snake flies,
myv,non,50,2016-06-17,2016-06-30,2016-06-30,13,NA,NA,NA,1,1,1,7,210,18,lots of spiders,
myv,non,150,2016-06-17,2016-06-30,2016-06-30,13,NA,NA,NA,1,1,1,3,43,40,,
myv,kal,5,2016-06-17,2016-06-30,2016-06-30,13,NA,NA,NA,1,1,1,4,96,50,,
myv,kal,50,2016-06-17,2016-06-30,2016-06-30,13,NA,NA,NA,1,1,1,0,57,35,,
myv,kal,150,2016-06-17,2016-06-30,2016-06-30,13,NA,NA,NA,1,1,1,2,33,60,1 trichoptera,
hel,hel1,5,2016-06-17,2016-06-30,2016-06-30,13,NA,NA,NA,1,1,1,3,261,19,"11 large flies, 2 small sawps, 1 spider",
hel,hel1,50,2016-06-17,2016-06-30,2016-06-30,13,NA,NA,NA,1,1,1,5,207,27,"24 large flies, 2 small wasps, 1 spider",
hel,hel1,150,2016-06-17,2016-06-30,2016-06-30,13,NA,NA,NA,1,1,1,1,13,30,,
hel,hel1,500,2016-06-17,2016-06-30,2016-06-30,13,NA,NA,NA,NA,NA,NA,NA,NA,NA,"Broken infall cup, sample lost",
hel,hel2,5,2016-06-17,2016-06-30,2016-06-30,13,NA,NA,NA,1,1,1,1,348,78,"1 large fly, 2 small wasps, 15 large flies",
hel,hel2,50,2016-06-17,2016-06-30,2016-06-30,13,NA,NA,NA,1,1,1,4,80,55,7 large flies,
hel,hel2,150,2016-06-17,2016-06-30,2016-06-30,13,NA,NA,NA,1,1,1,1,63,28,"3 small flies, 3 large flies",
hel,hel2,500,2016-06-17,2016-06-30,2016-06-30,13,NA,NA,NA,1,1,1,4,8,21,7 large flies,
myv,btl,5,2016-06-30,2016-07-19,2016-07-20,19,NA,NA,NA,0.125,0.125,0.125,0,1012,0,"1 dead bird, left in field",
myv,btl,50,2016-06-30,2016-07-19,2016-07-20,19,NA,NA,NA,0.125,0.125,0.125,0,1052,0,,
myv,btl,150,2016-06-30,2016-07-19,2016-07-20,19,NA,NA,NA,0.125,0.125,0.125,0,1285,8,1 other diptera,
myv,vin,5,2016-06-30,2016-07-19,2016-07-20,19,NA,NA,NA,0.25,0.25,0.25,0,551,38,1 other diptera,
myv,vin,50,2016-06-30,2016-07-19,2016-07-20,19,NA,NA,NA,0.5,0.5,0.5,0,701,4,"72 large black flies, 1 opilionid",
myv,vin,150,2016-06-30,2016-07-19,2016-07-20,19,NA,NA,NA,1,1,1,5,478,7,"122 large flies, 4 opilionids",
myv,skf,20,2016-06-30,2016-07-19,2016-07-20,19,NA,NA,NA,0.25,0.25,0.25,0,1219,2,,
myv,skf,50,2016-06-30,2016-07-19,2016-07-20,19,NA,NA,NA,1,0.25,1,2,876,0,"22 other small flies, 1 huge carrion fly",
myv,skf,200,2016-06-30,2016-07-19,2016-07-20,19,NA,NA,NA,1,1,1,3,942,4,"1 spider, 42 other flies",
myv,skf,350,2016-06-30,2016-07-19,2016-07-20,19,NA,NA,NA,1,1,1,21,497,3,13 large flies and snakeflies,
myv,flg,5,2016-06-30,2016-07-19,2016-07-20,19,NA,NA,NA,NA,NA,NA,NA,NA,NA,Sample lost to sheep or wind or the hidden people,
myv,flg,50,2016-06-30,2016-07-19,2016-07-20,19,NA,NA,NA,0.5,0.5,0.5,0,651,14,,
myv,flg,150,2016-06-30,2016-07-19,2016-07-20,19,NA,NA,NA,1,1,1,0,568,12,,
myv,flg,500,2016-06-30,2016-07-19,2016-07-20,19,NA,NA,NA,1,1,1,0,149,1,1 other diptera,
myv,hag,5,2016-06-30,2016-07-19,2016-07-20,19,NA,NA,NA,0.125,0.125,0.125,0,1275,2,,
myv,hag,50,2016-06-30,2016-07-19,2016-07-20,19,NA,NA,NA,0.0625,0.0625,0.0625,1,1573,0,1 large black fly,
myv,hag,150,2016-06-30,2016-07-19,2016-07-20,19,NA,NA,NA,0.25,0.25,0.25,0,1017,2,1 other diptera,
myv,hag,500,2016-06-30,2016-07-19,2016-07-20,19,NA,NA,NA,NA,NA,NA,NA,NA,NA,Sample lost to sheep or wind or the hidden people,
myv,non,5,2016-06-30,2016-07-19,2016-07-20,19,NA,NA,NA,0.125,0.125,0.125,0,1465,0,1 large black fly,
myv,non,50,2016-06-30,2016-07-19,2016-07-20,19,NA,NA,NA,1,0.0625,1,2,687,2,"1 opilionid, 22 other flies",
myv,non,150,2016-06-30,2016-07-19,2016-07-20,19,NA,NA,NA,1,0.25,1,2,508,6,"15 snake flies, 1 staph beetle",
myv,kal,5,2016-06-30,2016-07-19,2016-07-20,19,NA,NA,NA,0.25,0.25,0.25,0,1019,0,16 large black flies,
myv,kal,50,2016-06-30,2016-07-19,2016-07-20,19,NA,NA,NA,1,0.5,1,0,741,0,36 other flies,
myv,kal,150,2016-06-30,2016-07-19,2016-07-20,19,NA,NA,NA,0.25,0.25,0.25,1,844,7,,
hel,hel1,5,2016-06-30,2016-07-19,2016-07-20,19,NA,NA,NA,1,1,1,1,687,16,,
hel,hel1,50,2016-06-30,2016-07-19,2016-07-20,19,NA,NA,NA,1,1,1,2,660,3,68 other flies,
hel,hel1,150,2016-06-30,2016-07-19,2016-07-20,19,NA,NA,NA,1,1,1,1,111,4,"1 bee, 23 flies",
hel,hel1,500,2016-06-30,2016-07-19,2016-07-20,19,NA,NA,NA,1,1,1,0,60,11,"1 moth, 1 wasp, 1 diptera",
hel,hel2,5,2016-06-30,2016-07-19,2016-07-20,19,NA,NA,NA,1,1,1,3,778,5,48 other diptera,
hel,hel2,50,2016-06-30,2016-07-19,2016-07-20,19,NA,NA,NA,NA,NA,NA,NA,NA,NA,Sample lost to sheep or wind or fate,
hel,hel2,150,2016-06-30,2016-07-19,2016-07-20,19,NA,NA,NA,1,1,1,0,330,12,"51 snakeflies, 1 moth",
hel,hel2,500,2016-06-30,2016-07-19,2016-07-20,19,NA,NA,NA,1,1,1,0,106,16,,
myv,btl,5,2016-07-19,2016-08-03,2016-08-03,15,NA,NA,NA,NA,NA,NA,NA,NA,NA,Trap lost ,
myv,btl,50,2016-07-19,2016-08-03,2016-08-03,15,NA,NA,NA,0.5,0.5,0.5,0,607,1,1 bee,
myv,btl,150,2016-07-19,2016-08-03,2016-08-03,15,NA,NA,NA,0.5,0.5,0.5,1,260,1,,
myv,vin,5,2016-07-19,2016-08-03,2016-08-03,15,NA,NA,NA,1,1,1,0,387,7,"5 opilionids, 17 large flies",
myv,vin,50,2016-07-19,2016-08-03,2016-08-03,15,NA,NA,NA,1,1,1,0,85,58,"23 opilionids, 1 moth",
myv,vin,150,2016-07-19,2016-08-03,2016-08-03,15,NA,NA,NA,1,1,1,1,184,23,"3 snake flies, 8 opilionids, lots of large flies",
myv,skf,20,2016-07-19,2016-08-03,2016-08-03,15,NA,NA,NA,1,1,1,0,533,29,1 other dipteran,
myv,skf,50,2016-07-19,2016-08-03,2016-08-03,15,NA,NA,NA,1,1,1,0,149,10,"3 opilionids, 3 flies, 1 moth",
myv,skf,200,2016-07-19,2016-08-03,2016-08-03,15,NA,NA,NA,1,1,1,0,30,66,,
myv,skf,350,2016-07-19,2016-08-03,2016-08-03,15,NA,NA,NA,1,1,1,0,41,6,,
myv,flg,5,2016-07-19,2016-08-03,2016-08-03,15,NA,NA,NA,1,1,1,0,49,0,,
myv,flg,50,2016-07-19,2016-08-03,2016-08-03,15,NA,NA,NA,0.5,0.5,0.5,2,1410,5,13 big black flies,
myv,flg,150,2016-07-19,2016-08-03,2016-08-03,15,NA,NA,NA,NA,NA,NA,NA,NA,NA,Trap shattered. ,
myv,flg,500,2016-07-19,2016-08-03,2016-08-03,15,NA,NA,NA,1,1,1,1,149,4,,
myv,hag,5,2016-07-19,2016-08-03,2016-08-03,15,NA,NA,NA,NA,NA,NA,NA,NA,NA,Trap lost to evil sheep,
myv,hag,50,2016-07-19,2016-08-03,2016-08-03,15,NA,NA,NA,0.25,0.25,0.25,4,303,3,1 other diptera,
myv,hag,150,2016-07-19,2016-08-03,2016-08-03,15,NA,NA,NA,0.5,0.5,0.5,8,321,10,1 other diptera,
myv,hag,500,2016-07-19,2016-08-03,2016-08-03,15,NA,NA,NA,1,1,1,1,60,0,1 other diptera,
myv,non,5,2016-07-19,2016-08-03,2016-08-03,15,NA,NA,NA,0.25,0.25,0.25,0,954,0,"2 large flies, 1 moth, 1 opilionid, 1 wasp",
myv,non,50,2016-07-19,2016-08-03,2016-08-03,15,NA,NA,NA,0.25,0.25,0.25,0,361,2,2 other diptera,
myv,non,150,2016-07-19,2016-08-03,2016-08-03,15,NA,NA,NA,1,1,1,0,1128,3,"6 big black flies, 1 moth",
myv,kal,5,2016-07-19,2016-08-03,2016-08-03,15,NA,NA,NA,0.5,0.5,0.5,0,601,0,"2 opilionids, 5 large flies",
myv,kal,50,2016-07-19,2016-08-03,2016-08-03,15,NA,NA,NA,1,1,1,0,652,0,"25 large black flies, 1 collembola, some berries",
myv,kal,150,2016-07-19,2016-08-03,2016-08-03,15,NA,NA,NA,0.5,0.5,0.5,0,604,5,130 large flies,
hel,hel1,5,2016-07-19,2016-08-03,2016-08-03,15,NA,NA,NA,1,1,1,0,75,8,"1 hemipteran, 1 opilionid",
hel,hel1,50,2016-07-19,2016-08-03,2016-08-03,15,NA,NA,NA,1,1,1,0,33,6,1 other dipteran; *sample not saved!,
hel,hel1,150,2016-07-19,2016-08-03,2016-08-03,15,NA,NA,NA,1,1,1,0,32,6,"2 other small dipteran, 1 other large dipteran",
hel,hel1,500,2016-07-19,2016-08-03,2016-08-03,15,NA,NA,NA,1,1,1,0,7,0,1 lepidopteran,
hel,hel2,5,2016-07-19,2016-08-03,2016-08-03,15,NA,NA,NA,1,1,1,0,38,10,,
hel,hel2,50,2016-07-19,2016-08-03,2016-08-03,15,NA,NA,NA,1,1,1,0,4,2,,
hel,hel2,150,2016-07-19,2016-08-03,2016-08-03,15,NA,NA,NA,1,1,1,0,42,30,,
hel,hel2,500,2016-07-19,2016-08-03,2016-08-03,15,NA,NA,NA,NA,NA,NA,NA,NA,NA,"Trap found broken, sample lost to the forces of this world",
myv,btl,5,2016-08-03,2016-08-16,2016-08-17,13,NA,NA,NA,0.5,0.5,0.5,0,269,3,1 opilionid,
myv,btl,50,2016-08-03,2016-08-16,2016-08-17,13,NA,NA,NA,1,1,1,0,373,0,"2 opilionids, 8 other flies",
myv,btl,150,2016-08-03,2016-08-16,2016-08-17,13,NA,NA,NA,1,1,1,0,86,2,10 large flies,
myv,vin,5,2016-08-03,2016-08-16,2016-08-17,13,NA,NA,NA,1,1,1,0,170,3,"6 opilionids, 5 big black flies, 2 spiders",
myv,vin,50,2016-08-03,2016-08-16,2016-08-17,13,NA,NA,NA,1,1,1,0,90,4,"15 opilionids, 5 other flies, 1 spider",
myv,vin,150,2016-08-03,2016-08-16,2016-08-17,13,NA,NA,NA,1,1,1,1,75,8,"26 opilionids, 6 other flies",
myv,skf,20,2016-08-03,2016-08-16,2016-08-17,13,NA,NA,NA,1,1,1,0,253,6,"5 opilionids, 6 other flies",
myv,skf,50,2016-08-03,2016-08-16,2016-08-17,13,NA,NA,NA,1,1,1,0,136,1,"9 other flies, 9 opilionids",
myv,skf,200,2016-08-03,2016-08-16,2016-08-17,13,NA,NA,NA,1,1,1,1,36,0,5 other diptera,
myv,skf,350,2016-08-03,2016-08-16,2016-08-17,13,NA,NA,NA,1,1,1,1,30,0,9 other diptera,
myv,flg,5,2016-08-03,2016-08-16,2016-08-17,13,NA,NA,NA,1,1,1,0,346,0,7 other diptera,
myv,flg,50,2016-08-03,2016-08-16,2016-08-17,13,NA,NA,NA,1,1,1,0,830,0,"9 other diptera, 1 opilionidae",
myv,flg,150,2016-08-03,2016-08-16,2016-08-17,13,NA,NA,NA,1,1,1,1,152,0,,
myv,flg,500,2016-08-03,2016-08-16,2016-08-17,13,NA,NA,NA,1,1,1,0,71,0,1 other diptera,
myv,hag,5,2016-08-03,2016-08-16,2016-08-17,13,NA,NA,NA,1,1,1,0,433,4,"11 opilionids, 3 large flies",
myv,hag,50,2016-08-03,2016-08-16,2016-08-17,13,NA,NA,NA,NA,NA,NA,NA,NA,NA,Infall was found upside down,
myv,hag,150,2016-08-03,2016-08-16,2016-08-17,13,NA,NA,NA,1,1,1,0,70,3,,
myv,hag,500,2016-08-03,2016-08-16,2016-08-17,13,NA,NA,NA,1,1,1,0,18,0,,
myv,non,5,2016-08-03,2016-08-16,2016-08-17,13,NA,NA,NA,0.25,0.25,0.25,0,841,0,"9 large flies, 2 opilionids",
myv,non,50,2016-08-03,2016-08-16,2016-08-17,13,NA,NA,NA,0.5,0.5,0.5,0,943,0,"3 opilionids, 3 large flies",
myv,non,150,2016-08-03,2016-08-16,2016-08-17,13,NA,NA,NA,1,1,1,0,188,0,"8 large flies, 3 opilionids, 1 lepidoptera larvae",
myv,kal,5,2016-08-03,2016-08-16,2016-08-17,13,NA,NA,NA,1,1,1,0,223,9,"2 opilionids, 11 large black flies",
myv,kal,50,2016-08-03,2016-08-16,2016-08-17,13,NA,NA,NA,NA,NA,NA,NA,NA,NA,"Sample accidentally counted as a pitfall, all flies thrown away…",
myv,kal,150,2016-08-03,2016-08-16,2016-08-17,13,NA,NA,NA,1,1,1,0,14,0,3 large flies,
hel,hel1,5,2016-08-03,2016-08-16,2016-08-17,13,NA,NA,NA,1,1,1,0,30,3,"2 opilionids, 2 other diptera",
hel,hel1,50,2016-08-03,2016-08-16,2016-08-17,13,NA,NA,NA,1,1,1,0,23,0,7 other diptera,
hel,hel1,150,2016-08-03,2016-08-16,2016-08-17,13,NA,NA,NA,1,1,1,0,9,0,7 other diptera,
hel,hel1,500,2016-08-03,2016-08-16,2016-08-17,13,NA,NA,NA,1,1,1,0,5,1,5 other diptera,
hel,hel2,5,2016-08-03,2016-08-16,2016-08-17,13,NA,NA,NA,NA,NA,NA,NA,NA,NA,cup thrown away from rebar??!!,
hel,hel2,50,2016-08-03,2016-08-16,2016-08-17,13,NA,NA,NA,1,1,1,0,20,4,4 other diptera,
hel,hel2,150,2016-08-03,2016-08-16,2016-08-17,13,NA,NA,NA,1,1,1,0,57,0,"2 other diptera, 1 beetle larvae",
hel,hel2,500,2016-08-03,2016-08-16,2016-08-17,13,NA,NA,NA,1,1,1,1,25,7,2 snakeflies,
myv,btl,5,2017-06-04,2017-06-14,2017-06-15,10,NA,NA,NA,0.25,0.25,0.25,15,837,1,2 other diptera,
myv,btl,50,2017-06-04,2017-06-14,2017-06-15,10,NA,NA,NA,1,1,1,46,632,13,4 others,
myv,btl,150,2017-06-04,2017-06-14,2017-06-15,10,NA,NA,NA,1,1,1,22,190,3,"6 diptera , 1 unknown",
myv,flg,5,2017-06-04,2017-06-14,2017-06-15,10,NA,NA,NA,NA,NA,NA,NA,NA,NA,Count lost,
myv,flg,50,2017-06-04,2017-06-14,2017-06-15,10,NA,NA,NA,1,1,1,83,291,4,,
myv,flg,150,2017-06-04,2017-06-14,2017-06-15,10,NA,NA,NA,1,1,1,29,76,1,,
myv,flg,500,2017-06-04,2017-06-14,2017-06-15,10,NA,NA,NA,1,1,1,1,13,0,,
myv,hag,5,2017-06-04,2017-06-14,2017-06-15,10,NA,NA,NA,0.25,0.25,0.25,32,601,15,5 other diptera,
myv,hag,50,2017-06-04,2017-06-14,2017-06-15,10,NA,NA,NA,1,1,1,158,492,22,1 other diptera,
myv,hag,150,2017-06-04,2017-06-14,2017-06-15,10,NA,NA,NA,1,1,1,82,478,11,3 diptera,
myv,hag,500,2017-06-04,2017-06-14,2017-06-15,10,NA,NA,NA,1,1,1,17,252,36,4 other diptera,
myv,kal,5,2017-06-04,2017-06-14,2017-06-15,10,NA,NA,NA,1,0.5,0.5,12,1080,0,,
myv,kal,50,2017-06-04,2017-06-14,2017-06-15,10,NA,NA,NA,0.25,0.25,0.25,14,268,1,2 other diptera,
myv,kal,150,2017-06-04,2017-06-14,2017-06-15,10,NA,NA,NA,1,1,1,115,109,15,3 diptera,
myv,non,5,2017-06-04,2017-06-14,2017-06-15,10,NA,NA,NA,0.25,0.25,0.25,19,1697,4,,
myv,non,50,2017-06-04,2017-06-14,2017-06-15,10,NA,NA,NA,1,1,1,42,622,2,1 other diptera,
myv,non,150,2017-06-04,2017-06-14,2017-06-15,10,NA,NA,NA,1,1,1,93,83,2,,
myv,skf,20,2017-06-04,2017-06-14,2017-06-15,10,NA,NA,NA,1,1,1,49,702,11,14 others,
myv,skf,50,2017-06-04,2017-06-14,2017-06-15,10,NA,NA,NA,1,1,1,41,556,12,,
myv,skf,200,2017-06-04,2017-06-14,2017-06-15,10,NA,NA,NA,1,1,1,20,186,1,,
myv,skf,350,2017-06-04,2017-06-14,2017-06-15,10,NA,NA,NA,1,1,1,60,88,8,,
myv,vin,5,2017-06-04,2017-06-14,2017-06-15,10,NA,NA,NA,1,0.5,1,69,651,9,4 other diptera (1/1),
myv,vin,50,2017-06-04,2017-06-14,2017-06-15,10,NA,NA,NA,1,1,1,54,127,10,,
myv,vin,150,2017-06-04,2017-06-14,2017-06-15,10,NA,NA,NA,1,1,1,9,114,27,11 others,
myv,vin,150,2017-06-04,2017-06-14,2017-06-15,10,NA,NA,NA,1,1,1,9,114,27,11 others,
hel,hel1,5,2017-06-04,2017-06-14,2017-06-15,10,NA,NA,NA,1,1,1,2,58,7,,
hel,hel1,50,2017-06-04,2017-06-14,2017-06-15,10,NA,NA,NA,1,1,1,1,271,5,,
hel,hel1,150,2017-06-04,2017-06-14,2017-06-15,10,NA,NA,NA,1,1,1,0,18,15,6,
hel,hel1,500,2017-06-04,2017-06-14,2017-06-15,10,NA,NA,NA,1,1,1,0,7,6,8 others,
hel,hel1,500,2017-06-04,2017-06-14,2017-06-15,10,NA,NA,NA,1,1,1,0,7,6,8 others,
hel,hel2,5,2017-06-04,2017-06-14,2017-06-15,10,NA,NA,NA,1,1,1,0,280,4,,
hel,hel2,50,2017-06-04,2017-06-14,2017-06-15,10,NA,NA,NA,1,1,1,0,74,3,,
hel,hel2,150,2017-06-04,2017-06-14,2017-06-15,10,NA,NA,NA,1,1,1,9,104,7,,
hel,hel2,150,2017-06-04,2017-06-14,2017-06-15,10,NA,NA,NA,1,1,1,9,104,7,,
hel,hel2,500,2017-06-04,2017-06-14,2017-06-15,10,NA,NA,NA,1,1,1,2,5,2,1 other diptera,
myv,btl,5,2017-06-14,2017-06-29,2017-07-02,15,NA,NA,NA,1,0.5,0.5,4,1000,3,5 others in a half,
myv,btl,50,2017-06-14,2017-06-29,2017-06-30,15,NA,NA,NA,1,1,1,6,545,49,,
myv,btl,150,2017-06-14,2017-06-29,2017-06-30,15,NA,NA,NA,1,1,1,27,148,73,12 others,
myv,flg,5,2017-06-14,2017-06-29,2017-06-30,15,NA,NA,NA,1,1,1,6,197,8,,
myv,flg,50,2017-06-14,2017-06-29,2017-06-30,15,NA,NA,NA,1,1,1,10,212,3,,
myv,flg,150,2017-06-14,2017-06-29,2017-07-02,15,NA,NA,NA,1,1,1,13,108,4,9 others,
myv,flg,500,2017-06-14,2017-06-29,2017-06-30,15,NA,NA,NA,1,1,1,2,60,2,1 other,
myv,hag,5,2017-06-14,2017-06-29,2017-06-30,15,NA,NA,NA,1,1,1,5,465,101,,
myv,hag,50,2017-06-14,2017-06-29,2017-06-30,15,NA,NA,NA,1,1,1,7,407,123,,
myv,hag,150,2017-06-14,2017-06-29,2017-06-30,15,NA,NA,NA,1,1,1,3,80,31,11 others,
myv,hag,500,2017-06-14,2017-06-29,2017-06-30,15,NA,NA,NA,1,1,1,1,27,65,7 others,
myv,kal,5,2017-06-14,2017-06-29,2017-07-02,15,NA,NA,NA,1,0.5,0.5,8,1062,5,14 others in a half,
myv,kal,50,2017-06-14,2017-06-29,2017-06-30,15,NA,NA,NA,1,1,1,12,312,4,44 others,
myv,kal,150,2017-06-14,2017-06-29,2017-06-30,15,NA,NA,NA,1,1,1,15,122,3,22 others,
myv,non,5,2017-06-14,2017-06-29,2017-07-02,15,NA,NA,NA,0.125,0.125,0.125,0,616,3,8 others,
myv,non,50,2017-06-14,2017-06-29,2017-07-02,15,NA,NA,NA,1,1,1,27,687,1,25 others,
myv,non,150,2017-06-14,2017-06-29,2017-06-30,15,NA,NA,NA,1,1,1,110,14,0,29 others,
myv,skf,20,2017-06-14,2017-06-29,2017-07-02,15,NA,NA,NA,1,1,1,1,304,8,18 others,
myv,skf,50,2017-06-14,2017-06-29,2017-07-02,15,NA,NA,NA,1,1,1,0,57,2,17 others,
myv,skf,200,2017-06-14,2017-06-29,2017-06-30,15,NA,NA,NA,1,1,1,0,22,2,18 others,
myv,skf,350,2017-06-14,2017-06-29,2017-06-30,15,NA,NA,NA,1,1,1,0,23,3,22 others,
myv,vin,5,2017-06-14,2017-06-29,2017-07-02,15,NA,NA,NA,1,0.5,0.5,3,813,1,50 others in a half,
myv,vin,50,2017-06-14,2017-06-29,2017-06-30,15,NA,NA,NA,1,1,1,6,567,43,,
myv,vin,150,2017-06-14,2017-06-29,2017-07-02,15,NA,NA,NA,1,1,1,5,33,4,85 others,
hel,hel1,5,2017-06-14,2017-06-29,2017-07-02,15,NA,NA,NA,1,1,1,0,51,10,15 others,
hel,hel1,50,2017-06-14,2017-06-29,2017-07-02,15,NA,NA,NA,1,1,1,3,582,16,45 others,
hel,hel1,150,2017-06-14,2017-06-29,2017-06-30,15,NA,NA,NA,1,1,1,0,40,20,29 others,
hel,hel1,500,2017-06-14,2017-06-29,2017-07-02,15,NA,NA,NA,1,1,1,0,9,9,76 others,
hel,hel2,5,2017-06-14,2017-06-29,2017-06-30,15,NA,NA,NA,1,1,1,0,347,63,,
hel,hel2,50,2017-06-14,2017-06-29,2017-07-02,15,NA,NA,NA,1,1,1,0,128,0,35 others; not archived due to messy sample,
hel,hel2,150,2017-06-14,2017-06-29,2017-07-02,15,NA,NA,NA,1,1,1,0,47,2,18 others; not archived due to messy sample,
hel,hel2,500,2017-06-29,2017-06-14,2017-06-30,15,NA,NA,NA,1,1,1,0,19,8,28 others,
myv,btl,5,2017-06-29,2017-07-12,2017-07-12,13,NA,NA,NA,1,1,1,0,216,14,1 harvestman 15 diptera,
myv,btl,50,2017-06-29,2017-07-12,2017-07-12,13,NA,NA,NA,1,1,1,2,283,4,12 other diptera,
myv,btl,150,2017-06-29,2017-07-12,2017-07-12,13,NA,NA,NA,1,1,1,2,33,8,"2 collembola, 37 diptera",
myv,flg,5,2017-06-29,2017-07-12,2017-07-12,13,NA,NA,NA,1,1,1,0,762,122,sample not archived. 56 other diptera,
myv,flg,50,2017-06-29,2017-07-12,2017-07-12,13,NA,NA,NA,1,1,1,6,738,3,Sample not archived. 178 other diptera. ,
myv,flg,150,2017-06-29,2017-07-12,2017-07-12,13,NA,NA,NA,1,1,1,5,245,0,diptera 17,
myv,flg,500,2017-06-29,2017-07-12,2017-07-12,13,NA,NA,NA,1,1,1,0,45,1,"1 coleoptera, 1 simuliid, 1 aranea",
myv,hag,5,2017-06-29,2017-07-12,2017-07-12,13,NA,NA,NA,1,1,1,0,146,17,30 others,
myv,hag,50,2017-06-29,2017-07-12,2017-07-12,13,NA,NA,NA,1,1,1,10,325,10,22 other diptera ,
myv,hag,150,2017-06-29,2017-07-12,2017-07-12,13,NA,NA,NA,1,1,1,0,58,13,"4 arachnids, 20 diptera",
myv,hag,500,2017-06-29,2017-07-12,2017-07-12,13,NA,NA,NA,1,1,1,0,14,10,"1 arachnid, 13 diptera",
myv,kal,5,2017-06-29,2017-07-12,2017-07-12,13,NA,NA,NA,1,1,1,1,457,12,"51 diptera others, 1 opilione",
myv,kal,50,2017-06-29,2017-07-12,2017-07-12,13,NA,NA,NA,1,1,1,1,207,5,"59 other diptera, 1 lepidoptera",
myv,kal,150,2017-06-29,2017-07-12,2017-07-12,13,NA,NA,NA,1,1,1,4,221,2,19 diptera,
myv,non,5,2017-06-29,2017-07-12,2017-07-12,13,NA,NA,NA,1,1,1,0,719,4,"24 other diptera, 4 opiliones,2 unknown huge things",
myv,non,50,2017-06-29,2017-07-12,2017-07-12,13,NA,NA,NA,1,1,1,6,352,10,74 other diptera,
myv,non,150,2017-06-29,2017-07-12,2017-07-12,13,NA,NA,NA,1,1,1,1,78,14,13 diptera,
myv,skf,20,2017-06-29,2017-07-12,2017-07-12,13,NA,NA,NA,1,1,1,0,192,8,"13 other diptera, 2 opiliones",
myv,skf,50,2017-06-29,2017-07-12,2017-07-12,13,NA,NA,NA,1,1,1,0,41,18,"4 opiliones, 24 diptera",
myv,skf,200,2017-06-29,2017-07-12,2017-07-12,13,NA,NA,NA,1,1,1,0,19,1,"68 diptera, 1 coleoptera",
myv,skf,350,2017-06-29,2017-07-12,2017-07-12,13,NA,NA,NA,1,1,1,0,21,0,15 other diptera,
myv,vin,5,2017-06-29,2017-07-12,2017-07-12,13,NA,NA,NA,1,1,1,4,251,24,324 other diptera,
myv,vin,50,2017-06-29,2017-07-12,2017-07-12,13,NA,NA,NA,1,1,1,0,91,0,823 other diptera,
myv,vin,150,2017-06-29,2017-07-12,2017-07-12,13,NA,NA,NA,1,1,1,1,31,17,97 other diptera,
hel,hel1,5,2017-06-29,2017-07-12,2017-07-12,13,NA,NA,NA,1,1,1,0,135,5,21 other diptera,
hel,hel1,50,2017-06-29,2017-07-12,2017-07-12,13,NA,NA,NA,1,1,1,0,377,0,49 diptera,
hel,hel1,150,2017-06-29,2017-07-12,2017-07-12,13,NA,NA,NA,1,1,1,0,5,3,"1 collembola, 20 diptera",
hel,hel1,500,2017-06-29,2017-07-12,2017-07-12,13,NA,NA,NA,1,1,1,0,12,53,"1 harvestman, 70 other diptera",
hel,hel2,5,2017-06-29,2017-07-12,2017-07-12,13,NA,NA,NA,1,1,1,0,164,9,"1 springtail, 42 diptera",
hel,hel2,50,2017-06-29,2017-07-12,2017-07-12,13,NA,NA,NA,1,1,1,0,165,5,165 other diptera,
hel,hel2,150,2017-06-29,2017-07-12,2017-07-12,13,NA,NA,NA,1,1,1,0,14,4,1 collembola,
hel,hel2,500,2017-06-29,2017-07-12,2017-07-12,13,NA,NA,NA,1,1,1,0,16,2,"39 diptera, 1 coleoptera",
myv,btl,5,2017-07-12,2017-07-29,2017-07-29,17,NA,NA,NA,0.5,0.5,0.5,0,853,5,103 others,
myv,btl,50,2017-07-12,2017-07-29,2017-07-30,17,NA,NA,NA,0.5,0.5,0.5,0,650,4,103 others,
myv,btl,150,2017-07-12,2017-07-29,2017-07-29,17,NA,NA,NA,1,1,1,0,372,9,99 others,
myv,flg,5,2017-07-12,2017-07-29,2017-07-30,17,NA,NA,NA,0.125,0.125,0.125,0,877,10,10 in an 1/8th,
myv,flg,50,2017-07-12,2017-07-29,2017-07-29,17,NA,NA,NA,0.0625,0.0625,0.0625,0,578,10,290 others,
myv,flg,150,2017-07-12,2017-07-29,2017-07-29,17,NA,NA,NA,0.25,0.25,0.25,0,368,0,57  others,
myv,flg,500,2017-07-12,2017-07-29,2017-07-30,17,NA,NA,NA,1,1,1,4,675,0,13 others,
myv,hag,5,2017-07-12,2017-07-29,NA,17,NA,NA,NA,NA,NA,NA,NA,NA,NA,infall destroyed,
myv,hag,50,2017-07-12,2017-07-29,2017-07-30,17,NA,NA,NA,0.25,0.25,0.25,1,1252,0,,
myv,hag,150,2017-07-12,2017-07-29,2017-07-30,17,NA,NA,NA,1,0.5,1,0,801,0,,
myv,hag,500,2017-07-12,2017-07-29,2017-07-30,17,NA,NA,NA,1,1,1,2,207,0,23 others,
myv,kal,5,2017-07-12,2017-07-29,2017-07-29,17,NA,NA,NA,0.125,0.125,0.125,0,601,0,,
myv,kal,50,2017-07-12,2017-07-29,2017-07-30,17,NA,NA,NA,0.5,0.5,0.5,1,1474,0,133 diptera,
myv,kal,150,2017-07-12,2017-07-29,2017-07-30,17,NA,NA,NA,0.5,0.5,0.5,1,1252,0,,
myv,non,5,2017-07-12,2017-07-29,2017-07-29,17,NA,NA,NA,0.125,0.125,0.125,0,1067,6,78 others,
myv,non,50,2017-07-12,2017-07-29,2017-07-30,17,NA,NA,NA,0.25,0.25,0.25,0,1053,0,,
myv,non,150,2017-07-12,2017-07-29,2017-07-30,17,NA,NA,NA,1,1,1,0,794,0,,
myv,skf,20,2017-07-12,2017-07-29,2017-07-30,17,NA,NA,NA,0.25,0.25,0.25,0,1229,0,15 diptera ina 1/4th,
myv,skf,50,2017-07-12,2017-07-29,2017-07-30,17,NA,NA,NA,1,1,1,3,2095,2,37 diptera,
myv,skf,200,2017-07-12,2017-07-29,2017-07-30,17,NA,NA,NA,1,1,1,2,543,2,187 diptera,
myv,skf,350,2017-07-12,2017-07-29,2017-07-30,17,NA,NA,NA,1,1,1,0,306,0,30 diptera,
myv,vin,5,2017-07-12,2017-07-29,2017-07-30,17,NA,NA,NA,0.0625,0.0625,0.0625,0,672,3,15 diptera in a 1/16th,
myv,vin,50,2017-07-12,2017-07-29,2017-07-30,17,NA,NA,NA,0.5,0.5,0.5,1,1986,1,"376 diptera, harvestman, moths",
myv,vin,150,2017-07-12,2017-07-29,2017-07-30,17,NA,NA,NA,1,1,1,4,992,2,211 diptera and moths,
hel,hel1,5,2017-07-12,2017-07-29,2017-07-30,17,NA,NA,NA,1,1,1,0,33,6,25 diptera 1 opilione,
hel,hel1,50,2017-07-12,2017-07-29,2017-07-30,17,NA,NA,NA,1,1,1,0,36,2,32 diptera,
hel,hel1,150,2017-07-12,2017-07-29,2017-07-30,17,NA,NA,NA,1,1,1,0,8,1,"24 diptera, 1 opilione, 1 crane fly",
hel,hel1,500,2017-07-12,2017-07-29,2017-07-30,17,NA,NA,NA,1,1,1,0,6,8,"121 diptera, 1 lepidoptera, 2 opiliones",
hel,hel2,5,2017-07-12,2017-07-29,2017-07-30,17,NA,NA,NA,1,1,1,0,25,2,109 other diptera,
hel,hel2,50,2017-07-12,2017-07-29,2017-07-30,17,NA,NA,NA,1,1,1,0,21,5,33 others,
hel,hel2,150,2017-07-12,2017-07-29,2017-07-30,17,NA,NA,NA,1,1,1,0,7,11,29 diptera,
hel,hel2,500,2017-07-12,2017-07-29,2017-07-30,17,NA,NA,NA,1,1,1,0,7,5,63 others,
myv,btl,5,2017-07-29,2017-08-18,2017-08-19,20,NA,NA,NA,1,0.125,0.125,0,1297,1,3 dipterans,
myv,btl,50,2017-07-29,2017-08-18,2017-08-19,20,NA,NA,NA,0.25,0.25,0.25,0,818,0,30 dipterans,
myv,btl,150,2017-07-29,2017-08-18,2017-08-19,20,NA,NA,NA,,,,,,,,
myv,flg,5,2017-07-29,2017-08-18,2017-08-19,20,NA,NA,NA,1,1,1,1,727,0,15 dipterans,
myv,flg,50,2017-07-29,2017-08-18,2017-08-19,20,NA,NA,NA,1,1,1,0,752,0,24 dipterans,
myv,flg,150,2017-07-29,2017-08-18,2017-08-19,20,NA,NA,NA,1,1,1,0,75,0,1 dipterans,
myv,flg,500,2017-07-29,2017-08-18,2017-08-19,20,NA,NA,NA,1,1,1,0,13,0,,
myv,hag,5,2017-07-29,2017-08-18,2017-08-19,20,NA,NA,NA,0.5,0.5,0.5,0,628,1,,
myv,hag,50,2017-07-29,2017-08-18,2017-08-19,20,NA,NA,NA,1,0.125,0.125,0,800,6,3 other dipterans,
myv,hag,150,2017-07-29,2017-08-18,2017-08-19,20,NA,NA,NA,0.5,0.5,0.5,0,714,0,40 dipterans,
myv,hag,500,2017-07-29,2017-08-18,2017-08-19,20,NA,NA,NA,1,1,1,0,591,4,40 dipterans,
myv,kal,5,2017-07-29,2017-08-18,2017-08-19,20,NA,NA,NA,0.5,0.5,0.5,0,712,1,51 dipterans,
myv,kal,50,2017-07-29,2017-08-18,2017-08-19,20,NA,NA,NA,1,0.5,0.5,0,1109,3,24 dipterans in 0.5,
myv,kal,150,2017-07-29,2017-08-18,2017-08-19,20,NA,NA,NA,,,,,,,,
myv,non,5,2017-07-29,2017-08-18,2017-08-19,20,NA,NA,NA,0.125,0.125,0.125,0,1064,3,18 diptera; 1 moth,
myv,non,50,2017-07-29,2017-08-18,2017-08-19,20,NA,NA,NA,0.5,0.5,0.5,0,915,3,,
myv,non,150,2017-07-29,2017-08-18,2017-08-19,20,NA,NA,NA,1,1,1,0,387,12,70 dipterans,
myv,skf,20,2017-07-29,2017-08-18,2017-08-19,20,NA,NA,NA,1,1,1,2,1226,0,50 dipterans,
myv,skf,50,2017-07-29,2017-08-18,2017-08-19,20,NA,NA,NA,1,1,1,0,401,5,88 dipterans,
myv,skf,200,2017-07-29,2017-08-18,2017-08-19,20,NA,NA,NA,1,1,1,0,61,4,,
myv,skf,350,2017-07-29,2017-08-18,2017-08-19,20,NA,NA,NA,1,1,1,0,41,2,,
myv,vin,5,2017-07-29,2017-08-18,2017-08-19,20,NA,NA,NA,1,1,1,0,1170,0,132 dipterans,
myv,vin,50,2017-07-29,2017-08-18,2017-08-19,20,NA,NA,NA,1,1,1,0,252,10,2 dipterans,
myv,vin,150,2017-07-29,2017-08-18,2017-08-19,20,NA,NA,NA,1,1,1,6,177,1,27 dipterans,
hel,hel1,5,2017-07-29,2017-08-18,2017-08-19,20,NA,NA,NA,1,1,1,0,64,1,2 dipterans,
hel,hel1,50,2017-07-29,2017-08-18,2017-08-19,20,NA,NA,NA,1,1,1,0,36,2,,
hel,hel1,150,2017-07-29,2017-08-18,2017-08-19,20,NA,NA,NA,1,1,1,0,6,0,,
hel,hel1,500,2017-07-29,2017-08-18,2017-08-19,20,NA,NA,NA,1,1,1,0,28,2,13 dipterans,
hel,hel2,5,2017-07-29,2017-08-18,2017-08-19,20,NA,NA,NA,1,1,1,0,97,2,12 dipterans,
hel,hel2,50,2017-07-29,2017-08-18,2017-08-19,20,NA,NA,NA,1,1,1,0,65,2,8 dipterans,
hel,hel2,150,2017-07-29,2017-08-18,2017-08-19,20,NA,NA,NA,1,1,1,1,56,2,2 dipterans; 2 moths,
hel,hel2,500,2017-07-29,2017-08-18,2017-08-19,20,NA,NA,NA,1,1,1,0,5,0,,
myv,btl,5,2018-06-03,2018-06-14,2018-06-15,11,NA,NA,NA,0.5,0.5,0.5,3,439,7,,
myv,btl,50,2018-06-03,2018-06-14,2018-06-15,11,NA,NA,NA,0.25,0.25,0.25,6,264,1,,
myv,btl,150,2018-06-03,2018-06-14,2018-06-15,11,NA,NA,NA,0.5,0.5,0.5,20,181,79,,
myv,flg,5,2018-06-03,2018-06-14,2018-06-15,11,NA,NA,NA,1,1,1,34,392,0,,
myv,flg,50,2018-06-03,2018-06-14,2018-06-15,11,NA,NA,NA,1,1,1,57,370,5,,
myv,flg,150,2018-06-03,2018-06-14,2018-06-15,11,NA,NA,NA,1,1,1,9,56,1,,
myv,flg,500,2018-06-03,2018-06-14,2018-06-15,11,NA,NA,NA,1,1,1,27,172,3,,
myv,hag,5,2018-06-03,2018-06-14,2018-06-15,11,NA,NA,NA,1,1,1,15,177,0,large bird droppings?,
myv,hag,50,2018-06-03,2018-06-14,2018-06-15,11,NA,NA,NA,1,1,1,19,388,15,,
myv,hag,150,2018-06-03,2018-06-14,2018-06-15,11,NA,NA,NA,1,1,1,27,212,13,,
myv,hag,500,2018-06-03,2018-06-14,2018-06-15,11,NA,NA,NA,1,1,1,7,50,4,,
myv,kal,5,2018-06-03,2018-06-14,2018-06-15,11,NA,NA,NA,0.5,0.5,0.5,14,384,2,,
myv,kal,50,2018-06-03,2018-06-14,2018-06-15,11,NA,NA,NA,0.5,0.5,0.5,20,173,16,,
myv,kal,150,2018-06-03,2018-06-14,2018-06-15,11,NA,NA,NA,0.5,0.5,0.5,47,177,6,,
myv,non,5,2018-06-03,2018-06-14,2018-06-15,11,NA,NA,NA,0.5,0.5,0.5,12,350,1,,
myv,non,50,2018-06-03,2018-06-14,2018-06-15,11,NA,NA,NA,0.5,0.5,0.5,20,340,1,,
myv,non,150,2018-06-03,2018-06-14,2018-06-15,11,NA,NA,NA,0.5,0.5,0.5,16,140,3,,
myv,skf,20,2018-06-03,2018-06-14,2018-06-15,11,NA,NA,NA,1,1,1,4,409,9,,
myv,skf,50,2018-06-03,2018-06-14,2018-06-15,11,NA,NA,NA,1,1,1,6,314,5,,
myv,skf,200,2018-06-03,2018-06-14,2018-06-15,11,NA,NA,NA,1,1,1,8,143,6,,
myv,skf,350,2018-06-03,2018-06-14,2018-06-15,11,NA,NA,NA,1,1,1,10,33,23,,
myv,vin,5,2018-06-03,2018-06-14,2018-06-15,11,NA,NA,NA,0.5,0.5,0.5,20,578,3,,
myv,vin,50,2018-06-03,2018-06-14,2018-06-15,11,NA,NA,NA,1,1,1,47,177,6,,
myv,vin,150,2018-06-03,2018-06-14,2018-06-15,11,NA,NA,NA,1,1,1,27,104,12,,
hel,hel1,5,2018-06-03,2018-06-14,2018-06-15,11,NA,NA,NA,1,1,1,2,3,4,,
hel,hel1,50,2018-06-03,2018-06-14,2018-06-15,11,NA,NA,NA,1,1,1,0,14,0,,
hel,hel1,150,2018-06-03,2018-06-14,2018-06-15,11,NA,NA,NA,1,1,1,0,4,5,,
hel,hel1,500,2018-06-03,2018-06-14,2018-06-15,11,NA,NA,NA,1,1,1,0,8,5,,
hel,hel2,5,2018-06-03,2018-06-14,2018-06-15,11,NA,NA,NA,1,1,1,1,36,13,,
hel,hel2,50,2018-06-03,2018-06-14,2018-06-15,11,NA,NA,NA,1,1,1,0,0,3,,
hel,hel2,150,2018-06-03,2018-06-14,2018-06-15,11,NA,NA,NA,1,1,1,0,0,2,,
hel,hel2,500,2018-06-03,2018-06-14,2018-06-15,11,NA,NA,NA,1,1,1,0,8,2,,
myv,btl,5,2018-06-14,2018-07-06,2017-07-08,22,NA,NA,NA,1,1,1,1,410,0,9 other flies,
myv,btl,50,2018-06-14,2018-07-06,2017-07-10,22,NA,NA,NA,1,1,1,0,392,1,,
myv,btl,150,2018-06-14,2018-07-06,2017-07-08,22,NA,NA,NA,1,1,1,2,154,10,"211 unknown flies (striped abodmen, short antennaae), 2 spiders 3 other flies",
myv,flg,5,2018-06-14,2018-07-06,2017-07-08,22,NA,NA,NA,1,1,1,2,174,0,2 snakeflies,
myv,flg,50,2018-06-14,2018-07-06,2017-07-08,22,NA,NA,NA,NA,NA,NA,NA,NA,NA,,
myv,flg,150,2018-06-14,2018-07-06,2017-07-08,22,NA,NA,NA,1,1,1,7,44,8,,
myv,flg,500,2018-06-14,2018-07-06,2017-07-08,22,NA,NA,NA,1,1,1,0,2,0,2 beetles,
myv,hag,5,2018-06-14,2018-07-06,NA,NA,NA,NA,NA,NA,NA,NA,NA,NA,NA,sample lost in field,
myv,hag,50,2018-06-14,2018-07-06,2017-07-08,22,NA,NA,NA,1,1,1,13,150,11,,
myv,hag,150,2018-06-14,2018-07-06,2017-07-08,22,NA,NA,NA,1,1,1,1,20,3,10 diptera 1 lepidoptera,
myv,hag,500,2018-06-14,2018-07-06,2017-07-08,22,NA,NA,NA,1,1,1,2,3,2,1 lepidoptera,
myv,kal,5,2018-06-14,2018-07-06,2017-07-08,22,NA,NA,NA,1,1,1,6,217,0,2 other flies,
myv,kal,50,2018-06-14,2018-07-06,2017-07-08,22,NA,NA,NA,1,1,1,1,132,12,13 other flies,
myv,kal,150,2018-06-14,2018-07-06,2017-07-08,22,NA,NA,NA,1,1,1,0,44,6,3 harvestmen,
myv,non,5,2018-06-14,2018-07-06,2017-07-08,22,NA,NA,NA,1,1,1,4,161,3,"5 opiliones, 4 araneae, 10 snakeflies, 22 diptera",
myv,non,50,2018-06-14,2018-07-06,2017-07-08,22,NA,NA,NA,1,1,1,1,234,3,"12 dip, 5 snakeflies, 23 arachnids",
myv,non,150,2018-06-14,2018-07-06,2017-07-08,22,NA,NA,NA,1,1,1,2,17,12,5 other flies,
myv,skf,20,2018-06-14,2018-07-06,2017-07-08,22,NA,NA,NA,1,1,1,0,125,8,"6 harvestmen, 5 other flies",
myv,skf,50,2018-06-14,2018-07-06,2017-07-08,22,NA,NA,NA,1,1,1,1,27,9,4 harvestmen 4 other flies,
myv,skf,200,2018-06-14,2018-07-06,2017-07-08,22,NA,NA,NA,1,1,1,2,13,4,"1 harvestmen, 5 other flies",
myv,skf,350,2018-06-14,2018-07-06,2017-07-08,22,NA,NA,NA,1,1,1,3,16,10,"19 other flies, 1 harvestman",
myv,vin,5,2018-06-14,2018-07-06,2017-07-08,22,NA,NA,NA,0.5,0.5,0.5,1,681,1,16 other flies,
myv,vin,50,2018-06-14,2018-07-06,2017-07-08,22,NA,NA,NA,1,1,1,1,96,6,23 other flies,
myv,vin,150,2018-06-14,2018-07-06,2017-07-08,22,NA,NA,NA,1,1,1,3,42,8,"12 other flies, 1 spider",
hel,hel1,5,2018-06-14,2018-07-06,2017-07-08,22,NA,NA,NA,1,1,1,0,6,1,"lots of plant material, 1 beetle, 1 other fly",
hel,hel1,50,2018-06-14,2018-07-06,2017-07-08,22,NA,NA,NA,1,1,1,0,12,2,"plant material, 1 bumblebee, 2 beetles",
hel,hel1,150,2018-06-14,2018-07-06,2017-07-08,22,NA,NA,NA,1,1,1,0,0,14,"1 beetle, 1 other fly",
hel,hel1,500,2018-06-14,2018-07-06,2017-07-10,22,NA,NA,NA,1,1,1,0,3,1,"14 other flies, 1 harvestmen",
hel,hel2,5,2018-06-14,2018-07-06,2017-07-08,22,NA,NA,NA,1,1,1,0,22,0,plant material 11 other flies,
hel,hel2,50,2018-06-14,2018-07-06,2017-07-08,22,NA,NA,NA,1,1,1,0,2,1,"3 beetles, 3 other flies",
hel,hel2,150,2018-06-14,2018-07-06,2017-07-08,22,NA,NA,NA,1,1,1,0,0,11,,
hel,hel2,500,2018-06-14,2018-07-06,2017-07-08,22,NA,NA,NA,1,1,1,0,2,3,1 beetle 1 other fly,
myv,btl,5,2018-07-06,2018-07-27,2018-07-28,21,NA,NA,NA,1,0.5,0.5,0,293,3,"1 staph, 1 opiliones, 6 other flies",
myv,btl,50,2018-07-06,2018-07-27,2018-07-28,21,NA,NA,NA,1,0.5,1,2,272,0,,
myv,btl,150,2018-07-06,2018-07-27,2018-07-28,21,NA,NA,NA,1,1,1,0,105,20,,
myv,flg,5,2018-07-06,2018-07-27,2018-07-28,21,NA,NA,NA,1,1,1,0,212,10,,
myv,flg,50,2018-07-06,2018-07-27,2018-07-28,21,NA,NA,NA,0.5,0.5,0.5,0,412,1,44 others in 1/2,
myv,flg,150,2018-07-06,2018-07-27,2018-07-28,21,NA,NA,NA,NA,NA,NA,NA,NA,NA,"infall was missing, replaced",
myv,flg,500,2018-07-06,2018-07-27,2018-07-28,21,NA,NA,NA,1,1,1,0,29,0,,
myv,hag,5,2018-07-06,2018-07-27,2018-07-28,21,NA,NA,NA,1,1,1,0,67,1,,
myv,hag,50,2018-07-06,2018-07-27,2018-07-28,21,NA,NA,NA,1,1,1,0,337,1,10 others,
myv,hag,150,2018-07-06,2018-07-27,2018-07-28,21,NA,NA,NA,1,1,1,0,149,1,2 others,
myv,hag,500,2018-07-06,2018-07-27,2018-07-28,21,NA,NA,NA,1,1,1,0,64,1,,
myv,kal,5,2018-07-06,2018-07-27,2018-07-28,21,NA,NA,NA,1,1,1,2,22,1,3 other flies,
myv,kal,50,2018-07-06,2018-07-27,2018-07-28,21,NA,NA,NA,1,1,1,2,192,8,15 other flies,
myv,kal,150,2018-07-06,2018-07-27,2018-07-28,21,NA,NA,NA,1,1,1,0,31,3,,
myv,non,5,2018-07-06,2018-07-27,2018-07-28,21,NA,NA,NA,0.25,0.25,0.25,1,619,2,"8 other flies, 1 moth in 1/4",
myv,non,50,2018-07-06,2018-07-27,2018-07-28,21,NA,NA,NA,0.5,0.5,0.5,1,287,0,11 others,
myv,non,150,2018-07-06,2018-07-27,2018-07-28,21,NA,NA,NA,1,1,1,0,148,0,,
myv,skf,20,2018-07-06,2018-07-27,2018-07-28,21,NA,NA,NA,1,1,1,0,142,9,,
myv,skf,50,2018-07-06,2018-07-27,2018-07-28,21,NA,NA,NA,1,1,1,0,255,10,,
myv,skf,200,2018-07-06,2018-07-27,2018-07-28,21,NA,NA,NA,1,1,1,0,4,1,,
myv,skf,350,2018-07-06,2018-07-27,2018-07-28,21,NA,NA,NA,1,1,1,0,12,0,many large other flies,
myv,vin,5,2018-07-06,2018-07-27,2018-07-28,21,NA,NA,NA,1,0.25,1,0,181,2,,
myv,vin,50,2018-07-06,2018-07-27,2018-07-28,21,NA,NA,NA,NA,NA,NA,NA,NA,NA,sample mistaken for a pitfall. Not counted.,
myv,vin,150,2018-07-06,2018-07-27,2018-07-28,21,NA,NA,NA,1,1,1,0,153,60,,
hel,hel1,5,2018-07-06,2018-07-27,2018-07-28,21,NA,NA,NA,1,1,1,0,4,1,,
hel,hel1,50,2018-07-06,2018-07-27,2018-07-28,21,NA,NA,NA,NA,NA,NA,NA,NA,NA,infall was missing,
hel,hel1,150,2018-07-06,2018-07-27,2018-07-28,21,NA,NA,NA,1,1,1,0,2,3,>100 other flies,
hel,hel1,500,2018-07-06,2018-07-27,2018-07-28,21,NA,NA,NA,1,1,1,0,0,0,11 other flies,
hel,hel2,5,2018-07-06,2018-07-27,2018-07-28,21,NA,NA,NA,NA,NA,NA,NA,NA,NA,infall was missing,
hel,hel2,50,2018-07-06,2018-07-27,2018-07-28,21,NA,NA,NA,NA,NA,NA,NA,NA,NA,infall was missing,
hel,hel2,150,2018-07-06,2018-07-27,2018-07-28,21,NA,NA,NA,1,1,1,0,0,0,22 others,
hel,hel2,500,2018-07-06,2018-07-27,2018-07-28,21,NA,NA,NA,NA,NA,NA,NA,NA,NA,infall was missing,
myv,btl,5,2018-07-27,2018-08-16,2018-08-17,20,NA,NA,NA,0.5,0.5,0.5,0,131,33,"5 bibionids, 3 harvestmen, 4 other flies",
myv,btl,50,2018-07-27,2018-08-16,2018-08-17,20,NA,NA,NA,1,1,1,0,48,11,,
myv,btl,150,2018-07-27,2018-08-16,2018-08-17,20,NA,NA,NA,1,1,1,0,7,1,"1 bee, 5 other flies, 4 harvestmen",
myv,flg,5,2018-07-27,2018-08-16,2018-08-17,20,NA,NA,NA,1,1,1,0,9,0,3 other diptera,
myv,flg,50,2018-07-27,2018-08-16,2018-08-17,20,NA,NA,NA,1,1,1,0,52,9,"2 bibionids, 1 harvestmen, 2 other flies",
myv,flg,150,2018-07-27,2018-08-16,2018-08-17,20,NA,NA,NA,1,1,1,0,13,7,,
myv,flg,500,2018-07-27,2018-08-16,2018-08-17,20,NA,NA,NA,1,1,1,0,9,0,,
myv,hag,5,2018-07-27,2018-08-16,2018-08-17,20,NA,NA,NA,0.5,0.5,0.5,0,428,11,around 30 other diptera,
myv,hag,50,2018-07-27,2018-08-16,2018-08-17,20,NA,NA,NA,NA,NA,NA,NA,NA,NA,infall destroyed,
myv,hag,150,2018-07-27,2018-08-16,2018-08-17,20,NA,NA,NA,1,1,1,0,11,3,3 bibionids,
myv,hag,500,2018-07-27,2018-08-16,2018-08-17,20,NA,NA,NA,1,1,1,0,4,2,,
myv,kal,5,2018-07-27,2018-08-16,2018-08-17,20,NA,NA,NA,1,1,1,0,2,0,"14 other diptera, 11 harvestmen, liquid was all green",
myv,kal,50,2018-07-27,2018-08-16,2018-08-17,20,NA,NA,NA,0.5,0.5,0.5,0,258,1,21 other diptera,
myv,kal,150,2018-07-27,2018-08-16,2018-08-17,20,NA,NA,NA,1,1,1,0,1,2,2 harvestmen,
myv,non,5,2018-07-27,2018-08-16,2018-08-17,20,NA,NA,NA,0.125,0.125,0.125,0,219,0,,
myv,non,50,2018-07-27,2018-08-16,2018-08-17,20,NA,NA,NA,1,1,1,0,403,0,"3 moths, 6 other flies",
myv,non,150,2018-07-27,2018-08-16,2018-08-17,20,NA,NA,NA,1,1,1,0,46,20,,
myv,skf,20,2018-07-27,2018-08-16,2018-08-17,20,NA,NA,NA,1,1,1,4,10,3,20 harvestmen,
myv,skf,50,2018-07-27,2018-08-16,2018-08-17,20,NA,NA,NA,1,1,1,0,18,10,,
myv,skf,200,2018-07-27,2018-08-16,2018-08-17,20,NA,NA,NA,1,1,1,0,3,3,,
myv,skf,350,2018-07-27,2018-08-16,2018-08-17,20,NA,NA,NA,1,1,1,0,21,0,21 other diptera,
myv,vin,5,2018-07-27,2018-08-16,2018-08-17,20,NA,NA,NA,1,1,1,0,119,12,lots of large flies and harvestmen,
myv,vin,50,2018-07-27,2018-08-16,2018-08-17,20,NA,NA,NA,1,1,1,0,3,1,3 opiliones,
myv,vin,150,2018-07-27,2018-08-16,2018-08-17,20,NA,NA,NA,1,1,1,0,15,7,"10 harvestmen, 20 bibionids",
hel,hel1,5,2018-07-27,2018-08-16,2018-08-17,20,NA,NA,NA,1,1,1,0,1,0,"2 opil, much mud",
hel,hel1,50,2018-07-27,2018-08-16,2018-08-17,20,NA,NA,NA,1,1,1,0,2,0,lots of bibionids,
hel,hel1,150,2018-07-27,2018-08-16,2018-08-17,20,NA,NA,NA,1,1,1,0,2,2,lots of other flies,
hel,hel1,500,2018-07-27,2018-08-16,2018-08-17,20,NA,NA,NA,1,1,1,0,7,2,,
hel,hel2,5,2018-07-27,2018-08-16,2018-08-17,20,NA,NA,NA,NA,NA,NA,NA,NA,NA,dropped sample,
hel,hel2,50,2018-07-27,2018-08-16,2018-08-17,20,NA,NA,NA,1,1,1,0,0,0,1 bibionid,
hel,hel2,50,2018-07-27,2018-08-16,2018-08-17,20,NA,NA,NA,1,1,1,0,0,0,lots of bibionids,
hel,hel2,500,2018-07-27,2018-08-16,2018-08-17,20,NA,NA,NA,1,1,1,0,0,1,6 bibionid,
hel,hel1,5,2019-06-04,2019-06-18,2019-06-19,14,NA,NA,NA,1,1,1,0,7,0,11 others,
hel,hel1,50,2019-06-04,2019-06-18,2019-06-19,14,NA,NA,NA,1,1,1,0,30,6,4 others,
hel,hel1,150,2019-06-04,2019-06-18,2019-06-19,14,NA,NA,NA,1,1,1,0,2,2,2 others,
hel,hel1,500,2019-06-04,2019-06-18,2019-06-19,14,NA,NA,NA,1,1,1,0,0,4,3 others; 1 harvestman,
hel,hel2,5,2019-06-04,2019-06-18,2019-06-19,14,NA,NA,NA,1,1,1,0,61,8,5 others,
hel,hel2,50,2019-06-04,2019-06-18,2019-06-19,14,NA,NA,NA,1,1,1,0,7,2,5 others,
hel,hel2,150,2019-06-04,2019-06-18,2019-06-19,14,NA,NA,NA,1,1,1,0,17,1,"5 others, including 1 harvestman",
hel,hel2,500,2019-06-04,2019-06-18,2019-06-19,14,NA,NA,NA,1,1,1,0,11,1,,
myv,btl,5,2019-06-04,2019-06-18,2019-06-19,14,NA,NA,NA,1,0.5,0.5,10,280,2,36 others,
myv,btl,50,2019-06-04,2019-06-18,2019-06-19,14,NA,NA,NA,1,0.5,1,13,349,16,3 others,
myv,btl,150,2019-06-04,2019-06-18,2019-06-19,14,NA,NA,NA,1,1,1,15,144,51,46 others,
myv,flg,5,2019-06-04,2019-06-18,2019-06-19,14,NA,NA,NA,1,1,1,2,60,2,5 others,
myv,flg,50,2019-06-04,2019-06-18,2019-06-19,14,NA,NA,NA,1,1,1,3,8,1,4 others,
myv,flg,150,2019-06-04,2019-06-18,2019-06-19,14,NA,NA,NA,1,1,1,0,2,1,3 others,
myv,flg,500,2019-06-04,2019-06-18,2019-06-19,14,NA,NA,NA,1,1,1,0,1,0,,
myv,hag,5,2019-06-04,2019-06-18,2019-06-19,14,NA,NA,NA,0.5,0.5,0.5,11,917,34,22 others; infall propylene nearly empty,
myv,hag,50,2019-06-04,2019-06-18,2019-06-19,14,NA,NA,NA,1,1,1,6,128,8,8 others,
myv,hag,150,2019-06-04,2019-06-18,2019-06-19,14,NA,NA,NA,1,1,1,6,94,3,9 others,
myv,hag,500,2019-06-04,2019-06-18,2019-06-19,14,NA,NA,NA,1,1,1,4,6,4,,
myv,kal,5,2019-06-04,2019-06-18,2019-06-19,14,NA,NA,NA,1,1,1,4,140,5,30 others,
myv,kal,50,2019-06-04,2019-06-18,2019-06-19,14,NA,NA,NA,1,1,1,10,102,7,8 others,
myv,kal,150,2019-06-04,2019-06-18,2019-06-19,14,NA,NA,NA,1,1,1,4,67,6,9 others; infall cup at bottom of rebar,
myv,non,5,2019-06-04,2019-06-18,2019-06-19,14,NA,NA,NA,1,0.5,1,1,499,10,14 others,
myv,non,50,2019-06-04,2019-06-18,2019-06-19,14,NA,NA,NA,1,1,1,7,146,4,24 others,
myv,non,150,2019-06-04,2019-06-18,2019-06-19,14,NA,NA,NA,1,1,1,30,42,17,2 others; infall cup at bottom of rebar,
myv,skf,20,2019-06-04,2019-06-18,2019-06-19,14,NA,NA,NA,1,1,1,0,122,7,36 others,
myv,skf,50,2019-06-04,2019-06-18,2019-06-19,14,NA,NA,NA,1,1,1,0,74,11,"2 others, 1 harvestman",
myv,skf,200,2019-06-04,2019-06-18,2019-06-19,14,NA,NA,NA,1,1,1,1,15,5,4 others,
myv,skf,350,2019-06-04,2019-06-18,2019-06-19,14,NA,NA,NA,1,1,1,0,4,6,1 others,
myv,vin,5,2019-06-04,2019-06-18,2019-06-19,14,NA,NA,NA,1,1,1,0,157,5,18 others,
myv,vin,50,2019-06-04,2019-06-18,2019-06-19,14,NA,NA,NA,1,1,1,1,10,11,19 others,
myv,vin,150,2019-06-04,2019-06-18,2019-06-19,14,NA,NA,NA,1,1,1,0,11,70,3 others,
hel,hel1,5,2019-06-18,2019-06-29,2019-06-30,11,NA,NA,NA,1,1,1,3,5,1,6 others,
hel,hel1,50,2019-06-18,2019-06-29,2019-06-30,11,NA,NA,NA,1,1,1,6,6,0,22 others,
hel,hel1,150,2019-06-18,2019-06-29,2019-06-30,11,NA,NA,NA,1,1,1,0,0,2,10 others,
hel,hel1,500,2019-06-18,2019-06-29,2019-06-30,11,NA,NA,NA,1,1,1,0,3,1,36 others,
hel,hel2,5,2019-06-18,2019-06-29,2019-06-30,11,NA,NA,NA,1,1,1,2,9,0,58 others,
hel,hel2,50,2019-06-18,2019-06-29,2019-06-30,11,NA,NA,NA,1,1,1,1,19,0,13 others,
hel,hel2,150,2019-06-18,2019-06-29,2019-06-30,11,NA,NA,NA,1,1,1,0,0,0,9 others; no midges so no shell vial made,
hel,hel2,500,2019-06-18,2019-06-29,2019-06-30,11,NA,NA,NA,1,1,1,1,1,0,2 others,
myv,btl,5,2019-06-18,2019-06-29,2019-06-30,11,NA,NA,NA,1,1,1,4,45,2,9 others,
myv,btl,50,2019-06-18,2019-06-29,2019-06-30,11,NA,NA,NA,1,1,1,12,27,5,6 others,
myv,btl,150,2019-06-18,2019-06-29,2019-06-30,11,NA,NA,NA,1,1,1,0,10,2,35 others,
myv,flg,5,2019-06-18,2019-06-29,2019-06-30,11,NA,NA,NA,1,1,1,2,58,0,2 others,
myv,flg,50,2019-06-18,2019-06-29,2019-06-30,11,NA,NA,NA,1,1,1,6,75,0,17 others,
myv,flg,150,2019-06-18,2019-06-29,2019-06-30,11,NA,NA,NA,1,1,1,1,4,0,10 others,
myv,flg,500,2019-06-18,2019-06-29,2019-06-30,11,NA,NA,NA,1,1,1,0,2,0,3 others,
myv,hag,5,2019-06-18,2019-06-29,2019-06-30,11,NA,NA,NA,NA,NA,NA,NA,NA,NA,cup destroyed- no sample collected. replaced.,
myv,hag,50,2019-06-18,2019-06-29,2019-06-30,11,NA,NA,NA,1,1,1,1,3,3,11 others,
myv,hag,150,2019-06-18,2019-06-29,2019-06-30,11,NA,NA,NA,1,1,1,1,8,0,13 others,
myv,hag,500,2019-06-18,2019-06-29,2019-06-30,11,NA,NA,NA,1,1,1,0,4,2,4 others,
myv,kal,5,2019-06-18,2019-06-29,2019-06-30,11,NA,NA,NA,1,1,1,1,32,0,15 others,
myv,kal,50,2019-06-18,2019-06-29,2019-06-30,11,NA,NA,NA,NA,NA,NA,NA,NA,NA,cup broken,
myv,kal,150,2019-06-18,2019-06-29,2019-06-30,11,NA,NA,NA,1,1,1,2,14,0,10 others,
myv,non,5,2019-06-18,2019-06-29,2019-06-30,11,NA,NA,NA,1,1,1,5,35,3,30 others,
myv,non,50,2019-06-18,2019-06-29,2019-06-30,11,NA,NA,NA,1,1,1,2,9,1,9 others,
myv,non,150,2019-06-18,2019-06-29,2019-06-30,11,NA,NA,NA,1,1,1,4,9,22,44 others,
myv,skf,20,2019-06-18,2019-06-29,2019-06-30,11,NA,NA,NA,1,1,1,5,11,1,8 others,
myv,skf,50,2019-06-18,2019-06-29,2019-06-30,11,NA,NA,NA,1,1,1,0,6,0,18 others,
myv,skf,200,2019-06-18,2019-06-29,2019-06-30,11,NA,NA,NA,1,1,1,0,0,3,11 others,
myv,skf,350,2019-06-18,2019-06-29,2019-06-30,11,NA,NA,NA,1,1,1,2,3,0,24 others,
myv,vin,5,2019-06-18,2019-06-29,2019-06-30,11,NA,NA,NA,1,1,1,2,18,1,25 others,
myv,vin,50,2019-06-18,2019-06-29,2019-06-30,11,NA,NA,NA,1,1,1,5,21,8,6 others,
myv,vin,150,2019-06-18,2019-06-29,2019-06-30,11,NA,NA,NA,1,1,1,1,8,43,43 others,
myv,btl,5,2019-06-29,2019-07-21,2019-07-23,22,NA,NA,NA,1,1,1,1,270,2,167 others (1 harvestmen),
myv,btl,50,2019-06-29,2019-07-21,2019-07-23,22,NA,NA,NA,0.5,0.5,0.5,4,489,2,8 others,
myv,btl,150,2019-06-29,2019-07-21,2019-07-23,22,NA,NA,NA,1,1,1,3,205,6,18 others,
myv,flg,5,2019-06-29,2019-07-21,2019-07-23,22,NA,NA,NA,1,1,1,0,92,7,11 others,
myv,flg,50,2019-06-29,2019-07-21,2019-07-23,22,NA,NA,NA,1,1,1,4,78,0,18 others,
myv,flg,150,2019-06-29,2019-07-21,2019-07-23,22,NA,NA,NA,1,1,1,1,9,0,6 others,
myv,flg,500,2019-06-29,2019-07-21,2019-07-23,22,NA,NA,NA,1,1,1,2,28,0,6 others,
myv,hag,50,2019-06-29,2019-07-21,2019-07-23,22,NA,NA,NA,0.5,0.5,0.5,6,629,9,13 others,
myv,hag,150,2019-06-29,2019-07-21,2019-07-23,22,NA,NA,NA,1,1,1,2,214,2,2 others,
myv,hag,500,2019-06-29,2019-07-21,2019-07-23,22,NA,NA,NA,1,1,1,15,58,0,7 others,
myv,kal,5,2019-06-29,2019-07-21,2019-07-23,22,NA,NA,NA,0.5,0.5,0.5,0,158,0,112 others,
myv,kal,50,2019-06-29,2019-07-21,2019-07-23,22,NA,NA,NA,1,1,1,2,79,7,36 others,
myv,kal,150,2019-06-29,2019-07-21,2019-07-23,22,NA,NA,NA,1,1,1,2,98,6,28 others,
myv,non,5,2019-06-29,2019-07-21,2019-07-23,22,NA,NA,NA,1,1,1,2,144,0,23 others,
myv,non,50,2019-06-29,2019-07-21,2019-07-23,22,NA,NA,NA,0.5,0.5,0.5,3,68,4,89 others,
myv,non,150,2019-06-29,2019-07-21,2019-07-23,22,NA,NA,NA,1,1,1,1,20,0,139 others,
myv,skf,20,2019-06-29,2019-07-21,2019-07-23,22,NA,NA,NA,0.5,0.5,0.5,5,309,2,12 others,
myv,skf,50,2019-06-29,2019-07-21,2019-07-23,22,NA,NA,NA,1,1,1,17,314,1,21 others,
myv,skf,200,2019-06-29,2019-07-21,2019-07-23,22,NA,NA,NA,1,1,1,12,101,0,94 others,
myv,skf,350,2019-06-29,2019-07-21,2019-07-23,22,NA,NA,NA,1,1,1,0,19,0,24 others,
myv,vin,5,2019-06-29,2019-07-21,2019-07-23,22,NA,NA,NA,0.25,0.25,0.25,9,96,1,20 others,
myv,vin,50,2019-06-29,2019-07-21,2019-07-23,22,NA,NA,NA,1,1,1,6,272,1,107 others,
myv,vin,150,2019-06-29,2019-07-21,2019-07-23,22,NA,NA,NA,1,1,1,6,78,0,203 others,
hel,hel1,5,2019-06-29,2019-07-21,2019-07-23,22,NA,NA,NA,1,1,1,1,20,0,17 others,
hel,hel1,50,2019-06-29,2019-07-21,2019-07-23,22,NA,NA,NA,1,1,1,0,32,0,159 others,
hel,hel1,150,2019-06-29,2019-07-21,2019-07-23,22,NA,NA,NA,1,1,1,0,12,0,61 others (1 beetle and 1 spider),
hel,hel1,500,2019-06-29,2019-07-21,2019-07-23,22,NA,NA,NA,1,1,1,0,19,0,36 others,
hel,hel2,5,2019-06-29,2019-07-21,2019-07-23,22,NA,NA,NA,1,1,1,0,12,0,95 others (1 hymenoptera),
hel,hel2,50,2019-06-29,2019-07-21,2019-07-23,22,NA,NA,NA,1,1,1,0,30,0,31 others,
hel,hel2,150,2019-06-29,2019-07-21,2019-07-23,22,NA,NA,NA,1,1,1,0,7,1,11 others,
hel,hel2,500,2019-06-29,2019-07-21,2019-07-23,22,NA,NA,NA,1,1,1,1,7,0,19 others,
myv,btl,5,2019-07-21,2019-08-08,2019-08-09,18,NA,NA,NA,1,1,1,14,159,0,33 others,
myv,btl,50,2019-07-21,2019-08-08,2019-08-09,18,NA,NA,NA,1,1,1,7,312,0,24 others,
myv,btl,150,2019-07-21,2019-08-08,2019-08-09,18,NA,NA,NA,1,1,1,16,50,0,44 others (1 harvestmen),
myv,flg,5,2019-07-21,2019-08-08,2019-08-09,18,NA,NA,NA,1,1,1,2,23,0,9 others,
myv,flg,50,2019-07-21,2019-08-08,2019-08-09,18,NA,NA,NA,1,1,1,0,42,0,12 others,
myv,flg,150,2019-07-21,2019-08-08,2019-08-09,18,NA,NA,NA,1,1,1,0,3,0,4 others,
myv,flg,500,2019-07-21,2019-08-08,2019-08-09,18,NA,NA,NA,1,1,1,2,6,0,2 others,
myv,hag,5,2019-07-21,2019-08-08,2019-08-09,18,NA,NA,NA,1,1,1,17,158,0,94 others,
myv,hag,50,2019-07-21,2019-08-08,2019-08-09,18,NA,NA,NA,1,1,1,4,22,0,12 others,
myv,hag,150,2019-07-21,2019-08-08,2019-08-09,18,NA,NA,NA,1,1,1,5,23,0,18 others,
myv,hag,500,2019-07-21,2019-08-08,2019-08-09,18,NA,NA,NA,1,1,1,10,84,1,24 others,
myv,kal,5,2019-07-21,2019-08-08,2019-08-09,18,NA,NA,NA,1,1,1,3,198,0,45 others,
myv,kal,50,2019-07-21,2019-08-08,2019-08-09,18,NA,NA,NA,1,1,1,2,64,0,40 others,
myv,kal,150,2019-07-21,2019-08-08,2019-08-09,18,NA,NA,NA,1,1,1,7,40,1,35 others,
myv,non,5,2019-07-21,2019-08-08,2019-08-09,18,NA,NA,NA,1,1,1,5,94,0,6 others,
myv,non,50,2019-07-21,2019-08-08,2019-08-09,18,NA,NA,NA,1,1,1,4,31,0,14 others,
myv,non,150,2019-07-21,2019-08-08,2019-08-09,18,NA,NA,NA,1,1,1,1,10,0,6 others,
myv,skf,20,2019-07-21,2019-08-08,2019-08-09,18,NA,NA,NA,1,1,1,2,110,0,30 others,
myv,skf,50,2019-07-21,2019-08-08,2019-08-09,18,NA,NA,NA,1,1,1,2,16,0,8 others,
myv,skf,200,2019-07-21,2019-08-08,2019-08-09,18,NA,NA,NA,1,1,1,6,10,0,26 others,
myv,skf,350,2019-07-21,2019-08-08,2019-08-09,18,NA,NA,NA,1,1,1,0,3,0,2 others,
myv,vin,5,2019-07-21,2019-08-08,2019-08-09,18,NA,NA,NA,1,1,1,1,59,0,37 others (1 moth 2 harvestmen),
myv,vin,50,2019-07-21,2019-08-08,2019-08-09,18,NA,NA,NA,1,1,1,0,63,0,79 others,
myv,vin,150,2019-07-21,2019-08-08,2019-08-09,18,NA,NA,NA,1,1,1,10,38,0,61 others,
hel,hel1,5,2019-07-21,2019-08-08,2019-08-09,18,NA,NA,NA,1,1,1,0,19,0,3 others,
hel,hel1,50,2019-07-21,2019-08-08,2019-08-09,18,NA,NA,NA,1,1,1,0,8,3,31 others,
hel,hel1,150,2019-07-21,2019-08-08,2019-08-09,18,NA,NA,NA,1,1,1,0,7,0,29 others,
hel,hel1,500,2019-07-21,2019-08-08,2019-08-09,18,NA,NA,NA,1,1,1,0,4,0,6 others,
hel,hel2,5,2019-07-21,2019-08-08,2019-08-09,18,NA,NA,NA,1,1,1,0,0,1,7 others,
hel,hel2,50,2019-07-21,2019-08-08,2019-08-09,18,NA,NA,NA,NA,NA,NA,NA,NA,NA,trap destroyed,
hel,hel2,150,2019-07-21,2019-08-08,2019-08-09,18,NA,NA,NA,1,1,1,0,1,0,3 others,
hel,hel2,500,2019-07-21,2019-08-08,2019-08-09,18,NA,NA,NA,1,1,1,0,0,0,3 others,
