trans,dist,year,taxon,count,midges
btl,5,2008,acar,74,24004.585913000003
btl,5,2009,acar,2,13713.815358266333
btl,5,2010,acar,20,14192.239725229945
btl,5,2011,acar,46,301
btl,5,2012,acar,75,3776
btl,5,2013,acar,179,9117
btl,5,2014,acar,192,13339
btl,5,2015,acar,16,17832
btl,5,2016,acar,106,11196
btl,5,2017,acar,5,7334
btl,5,2008,cara,26,24004.585913000003
btl,5,2009,cara,2,13713.815358266333
btl,5,2010,cara,9,14192.239725229945
btl,5,2011,cara,1,301
btl,5,2012,cara,8,3776
btl,5,2013,cara,10,9117
btl,5,2014,cara,8,13339
btl,5,2015,cara,10,17832
btl,5,2016,cara,30,11196
btl,5,2017,cara,31,7334
btl,5,2008,gnap,7,24004.585913000003
btl,5,2009,gnap,0,13713.815358266333
btl,5,2010,gnap,3,14192.239725229945
btl,5,2011,gnap,0,301
btl,5,2012,gnap,12,3776
btl,5,2013,gnap,1,9117
btl,5,2014,gnap,5,13339
btl,5,2015,gnap,2,17832
btl,5,2016,gnap,60,11196
btl,5,2017,gnap,2,7334
btl,5,2008,lyco,4,24004.585913000003
btl,5,2009,lyco,13,13713.815358266333
btl,5,2010,lyco,9,14192.239725229945
btl,5,2011,lyco,2,301
btl,5,2012,lyco,22,3776
btl,5,2013,lyco,12,9117
btl,5,2014,lyco,0,13339
btl,5,2015,lyco,1,17832
btl,5,2016,lyco,2,11196
btl,5,2017,lyco,0,7334
btl,5,2008,opil,35,24004.585913000003
btl,5,2009,opil,18,13713.815358266333
btl,5,2010,opil,12,14192.239725229945
btl,5,2011,opil,32,301
btl,5,2012,opil,19,3776
btl,5,2013,opil,137,9117
btl,5,2014,opil,35,13339
btl,5,2015,opil,57,17832
btl,5,2016,opil,40,11196
btl,5,2017,opil,13,7334
btl,5,2008,sheet,27,24004.585913000003
btl,5,2009,sheet,106,13713.815358266333
btl,5,2010,sheet,81,14192.239725229945
btl,5,2011,sheet,49,301
btl,5,2012,sheet,64,3776
btl,5,2013,sheet,189,9117
btl,5,2014,sheet,95,13339
btl,5,2015,sheet,101,17832
btl,5,2016,sheet,57,11196
btl,5,2017,sheet,2,7334
btl,5,2008,stap,62,24004.585913000003
btl,5,2009,stap,5,13713.815358266333
btl,5,2010,stap,30,14192.239725229945
btl,5,2011,stap,6,301
btl,5,2012,stap,6,3776
btl,5,2013,stap,23,9117
btl,5,2014,stap,10,13339
btl,5,2015,stap,18,17832
btl,5,2016,stap,27,11196
btl,5,2017,stap,15,7334
btl,50,2008,acar,144,11661.779912
btl,50,2009,acar,107,29667.519745425307
btl,50,2010,acar,8,14405.88252415881
btl,50,2011,acar,52,115
btl,50,2012,acar,43,3410
btl,50,2013,acar,311,9543
btl,50,2014,acar,82,16539
btl,50,2015,acar,64,8882
btl,50,2016,acar,40,12721
btl,50,2017,acar,19,2814
btl,50,2008,cara,9,11661.779912
btl,50,2009,cara,16,29667.519745425307
btl,50,2010,cara,19,14405.88252415881
btl,50,2011,cara,3,115
btl,50,2012,cara,15,3410
btl,50,2013,cara,6,9543
btl,50,2014,cara,9,16539
btl,50,2015,cara,6,8882
btl,50,2016,cara,19,12721
btl,50,2017,cara,18,2814
btl,50,2008,gnap,4,11661.779912
btl,50,2009,gnap,5,29667.519745425307
btl,50,2010,gnap,6,14405.88252415881
btl,50,2011,gnap,0,115
btl,50,2012,gnap,22,3410
btl,50,2013,gnap,8,9543
btl,50,2014,gnap,11,16539
btl,50,2015,gnap,11,8882
btl,50,2016,gnap,56,12721
btl,50,2017,gnap,5,2814
btl,50,2008,lyco,20,11661.779912
btl,50,2009,lyco,25,29667.519745425307
btl,50,2010,lyco,8,14405.88252415881
btl,50,2011,lyco,0,115
btl,50,2012,lyco,27,3410
btl,50,2013,lyco,32,9543
btl,50,2014,lyco,9,16539
btl,50,2015,lyco,9,8882
btl,50,2016,lyco,6,12721
btl,50,2017,lyco,2,2814
btl,50,2008,opil,76,11661.779912
btl,50,2009,opil,22,29667.519745425307
btl,50,2010,opil,37,14405.88252415881
btl,50,2011,opil,29,115
btl,50,2012,opil,13,3410
btl,50,2013,opil,106,9543
btl,50,2014,opil,20,16539
btl,50,2015,opil,43,8882
btl,50,2016,opil,31,12721
btl,50,2017,opil,17,2814
btl,50,2008,sheet,27,11661.779912
btl,50,2009,sheet,56,29667.519745425307
btl,50,2010,sheet,36,14405.88252415881
btl,50,2011,sheet,75,115
btl,50,2012,sheet,50,3410
btl,50,2013,sheet,108,9543
btl,50,2014,sheet,58,16539
btl,50,2015,sheet,145,8882
btl,50,2016,sheet,28,12721
btl,50,2017,sheet,17,2814
btl,50,2008,stap,28,11661.779912
btl,50,2009,stap,10,29667.519745425307
btl,50,2010,stap,7,14405.88252415881
btl,50,2011,stap,9,115
btl,50,2012,stap,5,3410
btl,50,2013,stap,7,9543
btl,50,2014,stap,2,16539
btl,50,2015,stap,10,8882
btl,50,2016,stap,17,12721
btl,50,2017,stap,8,2814
btl,150,2008,acar,313,5859.536177
btl,150,2009,acar,248,16119.920321777034
btl,150,2010,acar,43,2480
btl,150,2011,acar,69,70
btl,150,2012,acar,88,2073
btl,150,2013,acar,135,2407
btl,150,2014,acar,85,6557
btl,150,2015,acar,116,2230
btl,150,2016,acar,202,12648
btl,150,2017,acar,17,794
btl,150,2008,cara,8,5859.536177
btl,150,2009,cara,13,16119.920321777034
btl,150,2010,cara,10,2480
btl,150,2011,cara,3,70
btl,150,2012,cara,30,2073
btl,150,2013,cara,20,2407
btl,150,2014,cara,28,6557
btl,150,2015,cara,23,2230
btl,150,2016,cara,29,12648
btl,150,2017,cara,10,794
btl,150,2008,gnap,1,5859.536177
btl,150,2009,gnap,4,16119.920321777034
btl,150,2010,gnap,9,2480
btl,150,2011,gnap,0,70
btl,150,2012,gnap,7,2073
btl,150,2013,gnap,6,2407
btl,150,2014,gnap,6,6557
btl,150,2015,gnap,5,2230
btl,150,2016,gnap,25,12648
btl,150,2017,gnap,3,794
btl,150,2008,lyco,113,5859.536177
btl,150,2009,lyco,193,16119.920321777034
btl,150,2010,lyco,55,2480
btl,150,2011,lyco,3,70
btl,150,2012,lyco,58,2073
btl,150,2013,lyco,31,2407
btl,150,2014,lyco,49,6557
btl,150,2015,lyco,27,2230
btl,150,2016,lyco,49,12648
btl,150,2017,lyco,4,794
btl,150,2008,opil,63,5859.536177
btl,150,2009,opil,21,16119.920321777034
btl,150,2010,opil,31,2480
btl,150,2011,opil,40,70
btl,150,2012,opil,24,2073
btl,150,2013,opil,24,2407
btl,150,2014,opil,11,6557
btl,150,2015,opil,59,2230
btl,150,2016,opil,92,12648
btl,150,2017,opil,7,794
btl,150,2008,sheet,103,5859.536177
btl,150,2009,sheet,24,16119.920321777034
btl,150,2010,sheet,21,2480
btl,150,2011,sheet,30,70
btl,150,2012,sheet,83,2073
btl,150,2013,sheet,31,2407
btl,150,2014,sheet,14,6557
btl,150,2015,sheet,46,2230
btl,150,2016,sheet,22,12648
btl,150,2017,sheet,17,794
btl,150,2008,stap,15,5859.536177
btl,150,2009,stap,2,16119.920321777034
btl,150,2010,stap,4,2480
btl,150,2011,stap,4,70
btl,150,2012,stap,9,2073
btl,150,2013,stap,18,2407
btl,150,2014,stap,1,6557
btl,150,2015,stap,5,2230
btl,150,2016,stap,13,12648
btl,150,2017,stap,5,794
hag,5,2008,acar,370,32100.676208599998
hag,5,2009,acar,142,30882.222084757403
hag,5,2010,acar,536,18497.900803353128
hag,5,2011,acar,44,671
hag,5,2012,acar,463,12583.171614856212
hag,5,2013,acar,548,12614
hag,5,2014,acar,229,13399
hag,5,2015,acar,294,5283
hag,5,2016,acar,283,13565
hag,5,2017,acar,66,3148
hag,5,2008,cara,16,32100.676208599998
hag,5,2009,cara,5,30882.222084757403
hag,5,2010,cara,15,18497.900803353128
hag,5,2011,cara,8,671
hag,5,2012,cara,17,12583.171614856212
hag,5,2013,cara,14,12614
hag,5,2014,cara,11,13399
hag,5,2015,cara,4,5283
hag,5,2016,cara,21,13565
hag,5,2017,cara,1,3148
hag,5,2008,gnap,0,32100.676208599998
hag,5,2009,gnap,7,30882.222084757403
hag,5,2010,gnap,9,18497.900803353128
hag,5,2011,gnap,0,671
hag,5,2012,gnap,13,12583.171614856212
hag,5,2013,gnap,6,12614
hag,5,2014,gnap,4,13399
hag,5,2015,gnap,7,5283
hag,5,2016,gnap,53,13565
hag,5,2017,gnap,1,3148
hag,5,2008,lyco,13,32100.676208599998
hag,5,2009,lyco,124,30882.222084757403
hag,5,2010,lyco,18,18497.900803353128
hag,5,2011,lyco,5,671
hag,5,2012,lyco,75,12583.171614856212
hag,5,2013,lyco,220,12614
hag,5,2014,lyco,39,13399
hag,5,2015,lyco,13,5283
hag,5,2016,lyco,46,13565
hag,5,2017,lyco,1,3148
hag,5,2008,opil,51,32100.676208599998
hag,5,2009,opil,0,30882.222084757403
hag,5,2010,opil,4,18497.900803353128
hag,5,2011,opil,11,671
hag,5,2012,opil,13,12583.171614856212
hag,5,2013,opil,36,12614
hag,5,2014,opil,8,13399
hag,5,2015,opil,23,5283
hag,5,2016,opil,59,13565
hag,5,2017,opil,6,3148
hag,5,2008,sheet,17,32100.676208599998
hag,5,2009,sheet,11,30882.222084757403
hag,5,2010,sheet,13,18497.900803353128
hag,5,2011,sheet,19,671
hag,5,2012,sheet,66,12583.171614856212
hag,5,2013,sheet,19,12614
hag,5,2014,sheet,34,13399
hag,5,2015,sheet,43,5283
hag,5,2016,sheet,37,13565
hag,5,2017,sheet,10,3148
hag,5,2008,stap,42,32100.676208599998
hag,5,2009,stap,8,30882.222084757403
hag,5,2010,stap,7,18497.900803353128
hag,5,2011,stap,4,671
hag,5,2012,stap,12,12583.171614856212
hag,5,2013,stap,21,12614
hag,5,2014,stap,11,13399
hag,5,2015,stap,12,5283
hag,5,2016,stap,24,13565
hag,5,2017,stap,41,3148
hag,50,2008,acar,297,21464.9669065
hag,50,2009,acar,241,16405.89206862872
hag,50,2010,acar,201,10065.954621375091
hag,50,2011,acar,30,84
hag,50,2012,acar,181,1555
hag,50,2013,acar,523,3396
hag,50,2014,acar,146,15032
hag,50,2015,acar,285,3926
hag,50,2016,acar,228,28721
hag,50,2017,acar,90,6411
hag,50,2008,cara,2,21464.9669065
hag,50,2009,cara,7,16405.89206862872
hag,50,2010,cara,1,10065.954621375091
hag,50,2011,cara,2,84
hag,50,2012,cara,7,1555
hag,50,2013,cara,2,3396
hag,50,2014,cara,0,15032
hag,50,2015,cara,0,3926
hag,50,2016,cara,9,28721
hag,50,2017,cara,3,6411
hag,50,2008,gnap,5,21464.9669065
hag,50,2009,gnap,10,16405.89206862872
hag,50,2010,gnap,18,10065.954621375091
hag,50,2011,gnap,3,84
hag,50,2012,gnap,9,1555
hag,50,2013,gnap,8,3396
hag,50,2014,gnap,11,15032
hag,50,2015,gnap,7,3926
hag,50,2016,gnap,8,28721
hag,50,2017,gnap,3,6411
hag,50,2008,lyco,68,21464.9669065
hag,50,2009,lyco,216,16405.89206862872
hag,50,2010,lyco,45,10065.954621375091
hag,50,2011,lyco,9,84
hag,50,2012,lyco,68,1555
hag,50,2013,lyco,280,3396
hag,50,2014,lyco,51,15032
hag,50,2015,lyco,60,3926
hag,50,2016,lyco,16,28721
hag,50,2017,lyco,11,6411
hag,50,2008,opil,30,21464.9669065
hag,50,2009,opil,3,16405.89206862872
hag,50,2010,opil,2,10065.954621375091
hag,50,2011,opil,18,84
hag,50,2012,opil,14,1555
hag,50,2013,opil,54,3396
hag,50,2014,opil,10,15032
hag,50,2015,opil,80,3926
hag,50,2016,opil,47,28721
hag,50,2017,opil,32,6411
hag,50,2008,sheet,8,21464.9669065
hag,50,2009,sheet,25,16405.89206862872
hag,50,2010,sheet,16,10065.954621375091
hag,50,2011,sheet,15,84
hag,50,2012,sheet,21,1555
hag,50,2013,sheet,46,3396
hag,50,2014,sheet,9,15032
hag,50,2015,sheet,43,3926
hag,50,2016,sheet,24,28721
hag,50,2017,sheet,10,6411
hag,50,2008,stap,6,21464.9669065
hag,50,2009,stap,1,16405.89206862872
hag,50,2010,stap,2,10065.954621375091
hag,50,2011,stap,1,84
hag,50,2012,stap,4,1555
hag,50,2013,stap,14,3396
hag,50,2014,stap,0,15032
hag,50,2015,stap,5,3926
hag,50,2016,stap,8,28721
hag,50,2017,stap,5,6411
hag,150,2008,acar,281,5191.105134
hag,150,2009,acar,709,7423.055885434858
hag,150,2010,acar,305,2181
hag,150,2011,acar,249,88
hag,150,2012,acar,87,1049
hag,150,2013,acar,191,1419
hag,150,2014,acar,419,2577
hag,150,2015,acar,60,1011
hag,150,2016,acar,46,6486
hag,150,2017,acar,62,2303
hag,150,2008,cara,0,5191.105134
hag,150,2009,cara,2,7423.055885434858
hag,150,2010,cara,3,2181
hag,150,2011,cara,1,88
hag,150,2012,cara,0,1049
hag,150,2013,cara,1,1419
hag,150,2014,cara,1,2577
hag,150,2015,cara,0,1011
hag,150,2016,cara,1,6486
hag,150,2017,cara,1,2303
hag,150,2008,gnap,12,5191.105134
hag,150,2009,gnap,17,7423.055885434858
hag,150,2010,gnap,14,2181
hag,150,2011,gnap,4,88
hag,150,2012,gnap,16,1049
hag,150,2013,gnap,1,1419
hag,150,2014,gnap,23,2577
hag,150,2015,gnap,2,1011
hag,150,2016,gnap,3,6486
hag,150,2017,gnap,2,2303
hag,150,2008,lyco,63,5191.105134
hag,150,2009,lyco,129,7423.055885434858
hag,150,2010,lyco,126,2181
hag,150,2011,lyco,36,88
hag,150,2012,lyco,40,1049
hag,150,2013,lyco,33,1419
hag,150,2014,lyco,94,2577
hag,150,2015,lyco,52,1011
hag,150,2016,lyco,41,6486
hag,150,2017,lyco,31,2303
hag,150,2008,opil,9,5191.105134
hag,150,2009,opil,8,7423.055885434858
hag,150,2010,opil,0,2181
hag,150,2011,opil,8,88
hag,150,2012,opil,3,1049
hag,150,2013,opil,2,1419
hag,150,2014,opil,11,2577
hag,150,2015,opil,5,1011
hag,150,2016,opil,33,6486
hag,150,2017,opil,21,2303
hag,150,2008,sheet,9,5191.105134
hag,150,2009,sheet,53,7423.055885434858
hag,150,2010,sheet,65,2181
hag,150,2011,sheet,31,88
hag,150,2012,sheet,18,1049
hag,150,2013,sheet,29,1419
hag,150,2014,sheet,17,2577
hag,150,2015,sheet,5,1011
hag,150,2016,sheet,8,6486
hag,150,2017,sheet,3,2303
hag,150,2008,stap,0,5191.105134
hag,150,2009,stap,0,7423.055885434858
hag,150,2010,stap,0,2181
hag,150,2011,stap,0,88
hag,150,2012,stap,0,1049
hag,150,2013,stap,1,1419
hag,150,2014,stap,0,2577
hag,150,2015,stap,0,1011
hag,150,2016,stap,0,6486
hag,150,2017,stap,0,2303
hag,500,2008,acar,149,801
hag,500,2009,acar,59,1272
hag,500,2010,acar,121,325
hag,500,2011,acar,106,49
hag,500,2012,acar,29,470
hag,500,2013,acar,207,210
hag,500,2014,acar,65,493
hag,500,2015,acar,164,142
hag,500,2016,acar,72,285
hag,500,2017,acar,40,520
hag,500,2008,cara,10,801
hag,500,2009,cara,15,1272
hag,500,2010,cara,4,325
hag,500,2011,cara,3,49
hag,500,2012,cara,1,470
hag,500,2013,cara,6,210
hag,500,2014,cara,3,493
hag,500,2015,cara,3,142
hag,500,2016,cara,6,285
hag,500,2017,cara,8,520
hag,500,2008,gnap,1,801
hag,500,2009,gnap,10,1272
hag,500,2010,gnap,1,325
hag,500,2011,gnap,3,49
hag,500,2012,gnap,12,470
hag,500,2013,gnap,4,210
hag,500,2014,gnap,8,493
hag,500,2015,gnap,10,142
hag,500,2016,gnap,7,285
hag,500,2017,gnap,7,520
hag,500,2008,lyco,67,801
hag,500,2009,lyco,265,1272
hag,500,2010,lyco,52,325
hag,500,2011,lyco,50,49
hag,500,2012,lyco,102,470
hag,500,2013,lyco,280,210
hag,500,2014,lyco,118,493
hag,500,2015,lyco,215,142
hag,500,2016,lyco,66,285
hag,500,2017,lyco,69,520
hag,500,2008,opil,63,801
hag,500,2009,opil,9,1272
hag,500,2010,opil,5,325
hag,500,2011,opil,0,49
hag,500,2012,opil,6,470
hag,500,2013,opil,26,210
hag,500,2014,opil,12,493
hag,500,2015,opil,14,142
hag,500,2016,opil,36,285
hag,500,2017,opil,29,520
hag,500,2008,sheet,41,801
hag,500,2009,sheet,75,1272
hag,500,2010,sheet,38,325
hag,500,2011,sheet,33,49
hag,500,2012,sheet,25,470
hag,500,2013,sheet,44,210
hag,500,2014,sheet,11,493
hag,500,2015,sheet,20,142
hag,500,2016,sheet,23,285
hag,500,2017,sheet,5,520
hag,500,2008,stap,0,801
hag,500,2009,stap,1,1272
hag,500,2010,stap,0,325
hag,500,2011,stap,1,49
hag,500,2012,stap,1,470
hag,500,2013,stap,2,210
hag,500,2014,stap,2,493
hag,500,2015,stap,0,142
hag,500,2016,stap,0,285
hag,500,2017,stap,0,520
kal,5,2008,acar,270,19958.818442
kal,5,2009,acar,32,31528.001249152632
kal,5,2010,acar,165,26288.260392830212
kal,5,2011,acar,36,2071
kal,5,2012,acar,64,1733
kal,5,2013,acar,294,18782
kal,5,2014,acar,316,11507
kal,5,2015,acar,207,20883
kal,5,2016,acar,510,7655
kal,5,2017,acar,33,9570
kal,5,2008,cara,9,19958.818442
kal,5,2009,cara,44,31528.001249152632
kal,5,2010,cara,14,26288.260392830212
kal,5,2011,cara,0,2071
kal,5,2012,cara,13,1733
kal,5,2013,cara,6,18782
kal,5,2014,cara,26,11507
kal,5,2015,cara,60,20883
kal,5,2016,cara,108,7655
kal,5,2017,cara,26,9570
kal,5,2008,gnap,1,19958.818442
kal,5,2009,gnap,1,31528.001249152632
kal,5,2010,gnap,2,26288.260392830212
kal,5,2011,gnap,0,2071
kal,5,2012,gnap,9,1733
kal,5,2013,gnap,20,18782
kal,5,2014,gnap,7,11507
kal,5,2015,gnap,5,20883
kal,5,2016,gnap,151,7655
kal,5,2017,gnap,10,9570
kal,5,2008,lyco,12,19958.818442
kal,5,2009,lyco,17,31528.001249152632
kal,5,2010,lyco,25,26288.260392830212
kal,5,2011,lyco,3,2071
kal,5,2012,lyco,20,1733
kal,5,2013,lyco,32,18782
kal,5,2014,lyco,41,11507
kal,5,2015,lyco,9,20883
kal,5,2016,lyco,11,7655
kal,5,2017,lyco,2,9570
kal,5,2008,opil,80,19958.818442
kal,5,2009,opil,18,31528.001249152632
kal,5,2010,opil,41,26288.260392830212
kal,5,2011,opil,10,2071
kal,5,2012,opil,16,1733
kal,5,2013,opil,97,18782
kal,5,2014,opil,59,11507
kal,5,2015,opil,35,20883
kal,5,2016,opil,84,7655
kal,5,2017,opil,19,9570
kal,5,2008,sheet,84,19958.818442
kal,5,2009,sheet,70,31528.001249152632
kal,5,2010,sheet,12,26288.260392830212
kal,5,2011,sheet,27,2071
kal,5,2012,sheet,36,1733
kal,5,2013,sheet,74,18782
kal,5,2014,sheet,58,11507
kal,5,2015,sheet,65,20883
kal,5,2016,sheet,40,7655
kal,5,2017,sheet,51,9570
kal,5,2008,stap,71,19958.818442
kal,5,2009,stap,38,31528.001249152632
kal,5,2010,stap,11,26288.260392830212
kal,5,2011,stap,5,2071
kal,5,2012,stap,0,1733
kal,5,2013,stap,10,18782
kal,5,2014,stap,33,11507
kal,5,2015,stap,68,20883
kal,5,2016,stap,160,7655
kal,5,2017,stap,8,9570
kal,50,2008,acar,162,9885.493046
kal,50,2009,acar,349,21117.571592384425
kal,50,2010,acar,78,39968.795474106744
kal,50,2011,acar,56,771
kal,50,2012,acar,116,4245.080335312609
kal,50,2013,acar,987,11072
kal,50,2014,acar,95,10482
kal,50,2015,acar,100,6243
kal,50,2016,acar,117,3591
kal,50,2017,acar,90,4610
kal,50,2008,cara,0,9885.493046
kal,50,2009,cara,2,21117.571592384425
kal,50,2010,cara,2,39968.795474106744
kal,50,2011,cara,0,771
kal,50,2012,cara,2,4245.080335312609
kal,50,2013,cara,3,11072
kal,50,2014,cara,0,10482
kal,50,2015,cara,7,6243
kal,50,2016,cara,0,3591
kal,50,2017,cara,0,4610
kal,50,2008,gnap,14,9885.493046
kal,50,2009,gnap,47,21117.571592384425
kal,50,2010,gnap,16,39968.795474106744
kal,50,2011,gnap,4,771
kal,50,2012,gnap,22,4245.080335312609
kal,50,2013,gnap,20,11072
kal,50,2014,gnap,22,10482
kal,50,2015,gnap,23,6243
kal,50,2016,gnap,19,3591
kal,50,2017,gnap,7,4610
kal,50,2008,lyco,63,9885.493046
kal,50,2009,lyco,156,21117.571592384425
kal,50,2010,lyco,106,39968.795474106744
kal,50,2011,lyco,4,771
kal,50,2012,lyco,61,4245.080335312609
kal,50,2013,lyco,143,11072
kal,50,2014,lyco,37,10482
kal,50,2015,lyco,19,6243
kal,50,2016,lyco,32,3591
kal,50,2017,lyco,4,4610
kal,50,2008,opil,9,9885.493046
kal,50,2009,opil,4,21117.571592384425
kal,50,2010,opil,6,39968.795474106744
kal,50,2011,opil,4,771
kal,50,2012,opil,1,4245.080335312609
kal,50,2013,opil,13,11072
kal,50,2014,opil,6,10482
kal,50,2015,opil,9,6243
kal,50,2016,opil,4,3591
kal,50,2017,opil,1,4610
kal,50,2008,sheet,18,9885.493046
kal,50,2009,sheet,28,21117.571592384425
kal,50,2010,sheet,4,39968.795474106744
kal,50,2011,sheet,7,771
kal,50,2012,sheet,18,4245.080335312609
kal,50,2013,sheet,37,11072
kal,50,2014,sheet,23,10482
kal,50,2015,sheet,29,6243
kal,50,2016,sheet,10,3591
kal,50,2017,sheet,4,4610
kal,50,2008,stap,2,9885.493046
kal,50,2009,stap,4,21117.571592384425
kal,50,2010,stap,0,39968.795474106744
kal,50,2011,stap,3,771
kal,50,2012,stap,2,4245.080335312609
kal,50,2013,stap,3,11072
kal,50,2014,stap,1,10482
kal,50,2015,stap,1,6243
kal,50,2016,stap,2,3591
kal,50,2017,stap,14,4610
kal,150,2008,acar,510,6447.9335851000005
kal,150,2009,acar,525,16994.945480592294
kal,150,2010,acar,73,16293.416795879974
kal,150,2011,acar,33,681
kal,150,2012,acar,44,2467
kal,150,2013,acar,342,10353
kal,150,2014,acar,56,9936
kal,150,2015,acar,33,730
kal,150,2016,acar,54,5733
kal,150,2017,acar,34,3092
kal,150,2008,cara,0,6447.9335851000005
kal,150,2009,cara,2,16994.945480592294
kal,150,2010,cara,0,16293.416795879974
kal,150,2011,cara,0,681
kal,150,2012,cara,0,2467
kal,150,2013,cara,0,10353
kal,150,2014,cara,1,9936
kal,150,2015,cara,1,730
kal,150,2016,cara,2,5733
kal,150,2017,cara,1,3092
kal,150,2008,gnap,9,6447.9335851000005
kal,150,2009,gnap,32,16994.945480592294
kal,150,2010,gnap,1,16293.416795879974
kal,150,2011,gnap,2,681
kal,150,2012,gnap,22,2467
kal,150,2013,gnap,21,10353
kal,150,2014,gnap,16,9936
kal,150,2015,gnap,8,730
kal,150,2016,gnap,5,5733
kal,150,2017,gnap,1,3092
kal,150,2008,lyco,62,6447.9335851000005
kal,150,2009,lyco,93,16994.945480592294
kal,150,2010,lyco,19,16293.416795879974
kal,150,2011,lyco,4,681
kal,150,2012,lyco,60,2467
kal,150,2013,lyco,56,10353
kal,150,2014,lyco,53,9936
kal,150,2015,lyco,19,730
kal,150,2016,lyco,9,5733
kal,150,2017,lyco,0,3092
kal,150,2008,opil,22,6447.9335851000005
kal,150,2009,opil,5,16994.945480592294
kal,150,2010,opil,0,16293.416795879974
kal,150,2011,opil,2,681
kal,150,2012,opil,3,2467
kal,150,2013,opil,7,10353
kal,150,2014,opil,26,9936
kal,150,2015,opil,8,730
kal,150,2016,opil,11,5733
kal,150,2017,opil,2,3092
kal,150,2008,sheet,33,6447.9335851000005
kal,150,2009,sheet,22,16994.945480592294
kal,150,2010,sheet,8,16293.416795879974
kal,150,2011,sheet,19,681
kal,150,2012,sheet,34,2467
kal,150,2013,sheet,66,10353
kal,150,2014,sheet,24,9936
kal,150,2015,sheet,8,730
kal,150,2016,sheet,13,5733
kal,150,2017,sheet,8,3092
kal,150,2008,stap,8,6447.9335851000005
kal,150,2009,stap,3,16994.945480592294
kal,150,2010,stap,0,16293.416795879974
kal,150,2011,stap,2,681
kal,150,2012,stap,0,2467
kal,150,2013,stap,2,10353
kal,150,2014,stap,1,9936
kal,150,2015,stap,0,730
kal,150,2016,stap,3,5733
kal,150,2017,stap,6,3092
non,5,2008,acar,242,12632.905186
non,5,2009,acar,0,37851.1652113168
non,5,2010,acar,1,47442.28545749127
non,5,2011,acar,136,900
non,5,2012,acar,45,3281
non,5,2013,acar,388,19103
non,5,2014,acar,183,27250
non,5,2015,acar,64,35620
non,5,2016,acar,142,25513
non,5,2017,acar,56,21047
non,5,2008,cara,34,12632.905186
non,5,2009,cara,80,37851.1652113168
non,5,2010,cara,104,47442.28545749127
non,5,2011,cara,17,900
non,5,2012,cara,120,3281
non,5,2013,cara,103,19103
non,5,2014,cara,61,27250
non,5,2015,cara,25,35620
non,5,2016,cara,200,25513
non,5,2017,cara,11,21047
non,5,2008,gnap,0,12632.905186
non,5,2009,gnap,1,37851.1652113168
non,5,2010,gnap,2,47442.28545749127
non,5,2011,gnap,0,900
non,5,2012,gnap,8,3281
non,5,2013,gnap,0,19103
non,5,2014,gnap,5,27250
non,5,2015,gnap,0,35620
non,5,2016,gnap,37,25513
non,5,2017,gnap,1,21047
non,5,2008,lyco,0,12632.905186
non,5,2009,lyco,1,37851.1652113168
non,5,2010,lyco,2,47442.28545749127
non,5,2011,lyco,5,900
non,5,2012,lyco,0,3281
non,5,2013,lyco,6,19103
non,5,2014,lyco,0,27250
non,5,2015,lyco,0,35620
non,5,2016,lyco,2,25513
non,5,2017,lyco,0,21047
non,5,2008,opil,28,12632.905186
non,5,2009,opil,1,37851.1652113168
non,5,2010,opil,3,47442.28545749127
non,5,2011,opil,3,900
non,5,2012,opil,6,3281
non,5,2013,opil,15,19103
non,5,2014,opil,0,27250
non,5,2015,opil,2,35620
non,5,2016,opil,1,25513
non,5,2017,opil,0,21047
non,5,2008,sheet,58,12632.905186
non,5,2009,sheet,55,37851.1652113168
non,5,2010,sheet,21,47442.28545749127
non,5,2011,sheet,45,900
non,5,2012,sheet,32,3281
non,5,2013,sheet,59,19103
non,5,2014,sheet,22,27250
non,5,2015,sheet,18,35620
non,5,2016,sheet,13,25513
non,5,2017,sheet,21,21047
non,5,2008,stap,32,12632.905186
non,5,2009,stap,63,37851.1652113168
non,5,2010,stap,40,47442.28545749127
non,5,2011,stap,39,900
non,5,2012,stap,35,3281
non,5,2013,stap,68,19103
non,5,2014,stap,61,27250
non,5,2015,stap,35,35620
non,5,2016,stap,91,25513
non,5,2017,stap,78,21047
non,50,2008,acar,176,26475.0152459
non,50,2009,acar,9,17270.67048485185
non,50,2010,acar,44,28615.395018405416
non,50,2011,acar,40,482
non,50,2012,acar,48,5790.0254977296545
non,50,2013,acar,312,10484
non,50,2014,acar,292,14779
non,50,2015,acar,131,4814
non,50,2016,acar,423,16901
non,50,2017,acar,60,5948
non,50,2008,cara,3,26475.0152459
non,50,2009,cara,4,17270.67048485185
non,50,2010,cara,39,28615.395018405416
non,50,2011,cara,3,482
non,50,2012,cara,2,5790.0254977296545
non,50,2013,cara,6,10484
non,50,2014,cara,9,14779
non,50,2015,cara,9,4814
non,50,2016,cara,7,16901
non,50,2017,cara,0,5948
non,50,2008,gnap,2,26475.0152459
non,50,2009,gnap,2,17270.67048485185
non,50,2010,gnap,10,28615.395018405416
non,50,2011,gnap,0,482
non,50,2012,gnap,4,5790.0254977296545
non,50,2013,gnap,20,10484
non,50,2014,gnap,11,14779
non,50,2015,gnap,23,4814
non,50,2016,gnap,26,16901
non,50,2017,gnap,16,5948
non,50,2008,lyco,9,26475.0152459
non,50,2009,lyco,16,17270.67048485185
non,50,2010,lyco,10,28615.395018405416
non,50,2011,lyco,10,482
non,50,2012,lyco,11,5790.0254977296545
non,50,2013,lyco,17,10484
non,50,2014,lyco,9,14779
non,50,2015,lyco,4,4814
non,50,2016,lyco,2,16901
non,50,2017,lyco,0,5948
non,50,2008,opil,18,26475.0152459
non,50,2009,opil,8,17270.67048485185
non,50,2010,opil,53,28615.395018405416
non,50,2011,opil,12,482
non,50,2012,opil,0,5790.0254977296545
non,50,2013,opil,53,10484
non,50,2014,opil,13,14779
non,50,2015,opil,22,4814
non,50,2016,opil,0,16901
non,50,2017,opil,4,5948
non,50,2008,sheet,40,26475.0152459
non,50,2009,sheet,54,17270.67048485185
non,50,2010,sheet,43,28615.395018405416
non,50,2011,sheet,90,482
non,50,2012,sheet,22,5790.0254977296545
non,50,2013,sheet,75,10484
non,50,2014,sheet,89,14779
non,50,2015,sheet,65,4814
non,50,2016,sheet,35,16901
non,50,2017,sheet,77,5948
non,50,2008,stap,27,26475.0152459
non,50,2009,stap,8,17270.67048485185
non,50,2010,stap,29,28615.395018405416
non,50,2011,stap,5,482
non,50,2012,stap,3,5790.0254977296545
non,50,2013,stap,1,10484
non,50,2014,stap,9,14779
non,50,2015,stap,19,4814
non,50,2016,stap,5,16901
non,50,2017,stap,3,5948
non,150,2008,acar,323,4867.5645
non,150,2009,acar,28,6593.500374232823
non,150,2010,acar,55,4976.386424496449
non,150,2011,acar,89,131
non,150,2012,acar,60,1140
non,150,2013,acar,537,6809
non,150,2014,acar,132,5718
non,150,2015,acar,161,2847
non,150,2016,acar,139,4104
non,150,2017,acar,83,1173
non,150,2008,cara,2,4867.5645
non,150,2009,cara,0,6593.500374232823
non,150,2010,cara,0,4976.386424496449
non,150,2011,cara,0,131
non,150,2012,cara,13,1140
non,150,2013,cara,1,6809
non,150,2014,cara,0,5718
non,150,2015,cara,0,2847
non,150,2016,cara,0,4104
non,150,2017,cara,0,1173
non,150,2008,gnap,4,4867.5645
non,150,2009,gnap,6,6593.500374232823
non,150,2010,gnap,4,4976.386424496449
non,150,2011,gnap,5,131
non,150,2012,gnap,11,1140
non,150,2013,gnap,7,6809
non,150,2014,gnap,17,5718
non,150,2015,gnap,12,2847
non,150,2016,gnap,14,4104
non,150,2017,gnap,8,1173
non,150,2008,lyco,36,4867.5645
non,150,2009,lyco,90,6593.500374232823
non,150,2010,lyco,122,4976.386424496449
non,150,2011,lyco,15,131
non,150,2012,lyco,33,1140
non,150,2013,lyco,65,6809
non,150,2014,lyco,47,5718
non,150,2015,lyco,36,2847
non,150,2016,lyco,15,4104
non,150,2017,lyco,3,1173
non,150,2008,opil,7,4867.5645
non,150,2009,opil,2,6593.500374232823
non,150,2010,opil,6,4976.386424496449
non,150,2011,opil,7,131
non,150,2012,opil,7,1140
non,150,2013,opil,7,6809
non,150,2014,opil,17,5718
non,150,2015,opil,16,2847
non,150,2016,opil,29,4104
non,150,2017,opil,15,1173
non,150,2008,sheet,16,4867.5645
non,150,2009,sheet,11,6593.500374232823
non,150,2010,sheet,11,4976.386424496449
non,150,2011,sheet,7,131
non,150,2012,sheet,28,1140
non,150,2013,sheet,17,6809
non,150,2014,sheet,20,5718
non,150,2015,sheet,16,2847
non,150,2016,sheet,19,4104
non,150,2017,sheet,8,1173
non,150,2008,stap,3,4867.5645
non,150,2009,stap,0,6593.500374232823
non,150,2010,stap,2,4976.386424496449
non,150,2011,stap,0,131
non,150,2012,stap,1,1140
non,150,2013,stap,1,6809
non,150,2014,stap,0,5718
non,150,2015,stap,1,2847
non,150,2016,stap,7,4104
non,150,2017,stap,0,1173
vin,5,2008,acar,71,37366.795567
vin,5,2009,acar,78,18058.79741529864
vin,5,2010,acar,10,13001.790196763302
vin,5,2011,acar,67,326
vin,5,2012,acar,111,1930
vin,5,2013,acar,306,11477
vin,5,2014,acar,202,16700
vin,5,2015,acar,137,15296
vin,5,2016,acar,350,4508
vin,5,2017,acar,18,14007
vin,5,2008,cara,2,37366.795567
vin,5,2009,cara,6,18058.79741529864
vin,5,2010,cara,18,13001.790196763302
vin,5,2011,cara,0,326
vin,5,2012,cara,6,1930
vin,5,2013,cara,6,11477
vin,5,2014,cara,14,16700
vin,5,2015,cara,17,15296
vin,5,2016,cara,32,4508
vin,5,2017,cara,11,14007
vin,5,2008,gnap,0,37366.795567
vin,5,2009,gnap,2,18058.79741529864
vin,5,2010,gnap,5,13001.790196763302
vin,5,2011,gnap,1,326
vin,5,2012,gnap,91,1930
vin,5,2013,gnap,6,11477
vin,5,2014,gnap,4,16700
vin,5,2015,gnap,1,15296
vin,5,2016,gnap,11,4508
vin,5,2017,gnap,6,14007
vin,5,2008,lyco,2,37366.795567
vin,5,2009,lyco,216,18058.79741529864
vin,5,2010,lyco,62,13001.790196763302
vin,5,2011,lyco,23,326
vin,5,2012,lyco,160,1930
vin,5,2013,lyco,274,11477
vin,5,2014,lyco,17,16700
vin,5,2015,lyco,20,15296
vin,5,2016,lyco,4,4508
vin,5,2017,lyco,0,14007
vin,5,2008,opil,17,37366.795567
vin,5,2009,opil,27,18058.79741529864
vin,5,2010,opil,32,13001.790196763302
vin,5,2011,opil,14,326
vin,5,2012,opil,28,1930
vin,5,2013,opil,60,11477
vin,5,2014,opil,8,16700
vin,5,2015,opil,43,15296
vin,5,2016,opil,21,4508
vin,5,2017,opil,1,14007
vin,5,2008,sheet,7,37366.795567
vin,5,2009,sheet,72,18058.79741529864
vin,5,2010,sheet,62,13001.790196763302
vin,5,2011,sheet,28,326
vin,5,2012,sheet,84,1930
vin,5,2013,sheet,113,11477
vin,5,2014,sheet,60,16700
vin,5,2015,sheet,56,15296
vin,5,2016,sheet,48,4508
vin,5,2017,sheet,13,14007
vin,5,2008,stap,15,37366.795567
vin,5,2009,stap,6,18058.79741529864
vin,5,2010,stap,19,13001.790196763302
vin,5,2011,stap,5,326
vin,5,2012,stap,34,1930
vin,5,2013,stap,24,11477
vin,5,2014,stap,21,16700
vin,5,2015,stap,35,15296
vin,5,2016,stap,32,4508
vin,5,2017,stap,10,14007
vin,50,2008,acar,132,19371.0177807
vin,50,2009,acar,77,3309.903248340901
vin,50,2010,acar,350,5416.838048666899
vin,50,2011,acar,115,108
vin,50,2012,acar,489,1049
vin,50,2013,acar,320,9256
vin,50,2014,acar,271,15740
vin,50,2015,acar,414,4014
vin,50,2016,acar,222,2286
vin,50,2017,acar,62,4819
vin,50,2008,cara,19,19371.0177807
vin,50,2009,cara,6,3309.903248340901
vin,50,2010,cara,5,5416.838048666899
vin,50,2011,cara,2,108
vin,50,2012,cara,9,1049
vin,50,2013,cara,2,9256
vin,50,2014,cara,2,15740
vin,50,2015,cara,15,4014
vin,50,2016,cara,17,2286
vin,50,2017,cara,4,4819
vin,50,2008,gnap,0,19371.0177807
vin,50,2009,gnap,3,3309.903248340901
vin,50,2010,gnap,4,5416.838048666899
vin,50,2011,gnap,2,108
vin,50,2012,gnap,106,1049
vin,50,2013,gnap,5,9256
vin,50,2014,gnap,7,15740
vin,50,2015,gnap,8,4014
vin,50,2016,gnap,13,2286
vin,50,2017,gnap,20,4819
vin,50,2008,lyco,7,19371.0177807
vin,50,2009,lyco,735,3309.903248340901
vin,50,2010,lyco,422,5416.838048666899
vin,50,2011,lyco,83,108
vin,50,2012,lyco,318,1049
vin,50,2013,lyco,313,9256
vin,50,2014,lyco,47,15740
vin,50,2015,lyco,198,4014
vin,50,2016,lyco,24,2286
vin,50,2017,lyco,4,4819
vin,50,2008,opil,114,19371.0177807
vin,50,2009,opil,22,3309.903248340901
vin,50,2010,opil,12,5416.838048666899
vin,50,2011,opil,6,108
vin,50,2012,opil,9,1049
vin,50,2013,opil,0,9256
vin,50,2014,opil,11,15740
vin,50,2015,opil,25,4014
vin,50,2016,opil,17,2286
vin,50,2017,opil,0,4819
vin,50,2008,sheet,59,19371.0177807
vin,50,2009,sheet,199,3309.903248340901
vin,50,2010,sheet,51,5416.838048666899
vin,50,2011,sheet,35,108
vin,50,2012,sheet,45,1049
vin,50,2013,sheet,55,9256
vin,50,2014,sheet,18,15740
vin,50,2015,sheet,127,4014
vin,50,2016,sheet,19,2286
vin,50,2017,sheet,15,4819
vin,50,2008,stap,21,19371.0177807
vin,50,2009,stap,2,3309.903248340901
vin,50,2010,stap,17,5416.838048666899
vin,50,2011,stap,14,108
vin,50,2012,stap,21,1049
vin,50,2013,stap,3,9256
vin,50,2014,stap,8,15740
vin,50,2015,stap,38,4014
vin,50,2016,stap,42,2286
vin,50,2017,stap,5,4819
vin,150,2008,acar,151,5722.528144000001
vin,150,2009,acar,65,1451
vin,150,2010,acar,271,1489
vin,150,2011,acar,215,95
vin,150,2012,acar,179,359
vin,150,2013,acar,699,3433
vin,150,2014,acar,87,5915
vin,150,2015,acar,602,1227
vin,150,2016,acar,118,1117
vin,150,2017,acar,86,1312
vin,150,2008,cara,1,5722.528144000001
vin,150,2009,cara,1,1451
vin,150,2010,cara,12,1489
vin,150,2011,cara,3,95
vin,150,2012,cara,8,359
vin,150,2013,cara,5,3433
vin,150,2014,cara,8,5915
vin,150,2015,cara,8,1227
vin,150,2016,cara,27,1117
vin,150,2017,cara,10,1312
vin,150,2008,gnap,0,5722.528144000001
vin,150,2009,gnap,7,1451
vin,150,2010,gnap,2,1489
vin,150,2011,gnap,3,95
vin,150,2012,gnap,47,359
vin,150,2013,gnap,12,3433
vin,150,2014,gnap,6,5915
vin,150,2015,gnap,11,1227
vin,150,2016,gnap,5,1117
vin,150,2017,gnap,4,1312
vin,150,2008,lyco,10,5722.528144000001
vin,150,2009,lyco,142,1451
vin,150,2010,lyco,30,1489
vin,150,2011,lyco,51,95
vin,150,2012,lyco,90,359
vin,150,2013,lyco,164,3433
vin,150,2014,lyco,2,5915
vin,150,2015,lyco,35,1227
vin,150,2016,lyco,19,1117
vin,150,2017,lyco,12,1312
vin,150,2008,opil,26,5722.528144000001
vin,150,2009,opil,7,1451
vin,150,2010,opil,2,1489
vin,150,2011,opil,8,95
vin,150,2012,opil,2,359
vin,150,2013,opil,2,3433
vin,150,2014,opil,4,5915
vin,150,2015,opil,19,1227
vin,150,2016,opil,42,1117
vin,150,2017,opil,8,1312
vin,150,2008,sheet,6,5722.528144000001
vin,150,2009,sheet,18,1451
vin,150,2010,sheet,8,1489
vin,150,2011,sheet,16,95
vin,150,2012,sheet,64,359
vin,150,2013,sheet,49,3433
vin,150,2014,sheet,8,5915
vin,150,2015,sheet,25,1227
vin,150,2016,sheet,19,1117
vin,150,2017,sheet,5,1312
vin,150,2008,stap,5,5722.528144000001
vin,150,2009,stap,0,1451
vin,150,2010,stap,17,1489
vin,150,2011,stap,5,95
vin,150,2012,stap,1,359
vin,150,2013,stap,3,3433
vin,150,2014,stap,7,5915
vin,150,2015,stap,5,1227
vin,150,2016,stap,36,1117
vin,150,2017,stap,2,1312
